Entity,Code,Year,Country-reported HIV expenditure by funding source - Total
Afghanistan,AFG,2008,3241418
Afghanistan,AFG,2009,5158552
Afghanistan,AFG,2010,4437825
Afghanistan,AFG,2011,8002073.55
Afghanistan,AFG,2012,9052547
Afghanistan,AFG,2013,5312479
Afghanistan,AFG,2014,4181138
Afghanistan,AFG,2015,0
Albania,ALB,2005,2376957
Algeria,DZA,2006,3673849.625
Algeria,DZA,2008,3802015.8630137
Algeria,DZA,2009,2726734
Algeria,DZA,2010,5840187.54186202
Algeria,DZA,2011,6314132.61888814
Algeria,DZA,2012,6773706.89655173
Algeria,DZA,2013,12456208.140134
Algeria,DZA,2014,17268653.6485098
Angola,AGO,2006,27724126.85
Angola,AGO,2007,47493993
Angola,AGO,2008,31765941
Angola,AGO,2009,34699646.9936138
Angola,AGO,2010,34338192.3374304
Angola,AGO,2011,33893239.2187383
Angola,AGO,2016,19767460.15
Antigua and Barbuda,ATG,2006,157323.73046875
Antigua and Barbuda,ATG,2007,159827.5
Antigua and Barbuda,ATG,2008,329358.877777778
Antigua and Barbuda,ATG,2009,390760.396296296
Antigua and Barbuda,ATG,2010,1376617.6900369
Antigua and Barbuda,ATG,2011,617262.450184502
Antigua and Barbuda,ATG,2012,987160.740740741
Antigua and Barbuda,ATG,2013,1423132.26
Antigua and Barbuda,ATG,2015,5955882.35294118
Argentina,ARG,2006,62373020.2636027
Argentina,ARG,2007,82935738.3297001
Argentina,ARG,2008,85546274.3823186
Argentina,ARG,2009,88544751.2199994
Argentina,ARG,2010,106167939.331629
Argentina,ARG,2011,173662731.132443
Argentina,ARG,2012,179007273.02792
Armenia,ARM,2007,2476108
Armenia,ARM,2008,2604517.1988866
Armenia,ARM,2009,2301071.14036005
Armenia,ARM,2010,5052363.72652345
Armenia,ARM,2011,5587011.12852511
Armenia,ARM,2012,5338915.36142993
Armenia,ARM,2013,5006127.66089349
Armenia,ARM,2014,6816742.9513472
Armenia,ARM,2016,4222796.19
Aruba,ABW,2005,10000
Aruba,ABW,2006,10000
Aruba,ABW,2007,10000
Australia,AUS,2006,101415112
Azerbaijan,AZE,2007,2220238.125
Azerbaijan,AZE,2008,5012004
Azerbaijan,AZE,2009,6061650.29029851
Azerbaijan,AZE,2010,8236251.17216439
Azerbaijan,AZE,2011,14555703.9031757
Azerbaijan,AZE,2013,18611700.419
Azerbaijan,AZE,2014,20627360.08
Bahamas,BHS,2006,2148723
Bahamas,BHS,2008,4468559.52
Bahamas,BHS,2009,4901264.55
Bangladesh,BGD,2008,37264781
Bangladesh,BGD,2009,26938053.8
Bangladesh,BGD,2010,15203323.6450051
Bangladesh,BGD,2011,18804376.4926287
Bangladesh,BGD,2012,12483351.9697343
Bangladesh,BGD,2013,21143541.8894602
Bangladesh,BGD,2014,19405721.99
Bangladesh,BGD,2015,12759321.8433074
Barbados,BRB,2006,7128686.74609375
Barbados,BRB,2009,5539683
Barbados,BRB,2010,7390301
Barbados,BRB,2011,8078374.64
Barbados,BRB,2012,9976348.6
Barbados,BRB,2013,15971142.69
Belarus,BLR,2006,13132657.25
Belarus,BLR,2008,20479442.3687795
Belarus,BLR,2009,17734673.7085234
Belarus,BLR,2010,19722982.1247203
Belarus,BLR,2011,19864483.339994
Belarus,BLR,2012,19785986.0890178
Belarus,BLR,2013,18582285.8256636
Belarus,BLR,2014,22445923.0211257
Belarus,BLR,2016,17639014.83
Belgium,BEL,2008,111777467.647059
Belgium,BEL,2009,146014580.806676
Belgium,BEL,2010,159087442.320955
Belize,BLZ,2008,2024334.5
Belize,BLZ,2009,2024334.5
Belize,BLZ,2010,2877998
Belize,BLZ,2012,2836771.5
Benin,BEN,2006,0
Benin,BEN,2007,21954939.068
Benin,BEN,2008,25238076.5478261
Benin,BEN,2009,32435197.4515225
Benin,BEN,2010,18197534.4122081
Benin,BEN,2011,27550070.016941
Benin,BEN,2012,30175682.86
Benin,BEN,2013,22257640.97
Benin,BEN,2014,20592481.48
Benin,BEN,2015,15537589.92
Benin,BEN,2016,16793566.31
Bolivia,BOL,2005,1833231.84168869
Bolivia,BOL,2006,4024537.82797856
Bolivia,BOL,2007,3182865.94904318
Bolivia,BOL,2008,5393563.06779543
Bolivia,BOL,2009,9733435.04251052
Bolivia,BOL,2011,9251710.00075134
Bolivia,BOL,2012,11768762
Bosnia and Herzegovina,BIH,2008,2759908.18
Bosnia and Herzegovina,BIH,2009,3584302.26
Botswana,BWA,2003,0
Botswana,BWA,2005,208930891.75
Botswana,BWA,2006,143406319
Botswana,BWA,2007,229457672
Botswana,BWA,2008,348408017.282127
Botswana,BWA,2009,306431292.471943
Botswana,BWA,2010,363240716.597886
Botswana,BWA,2011,390616018.551111
Brazil,BRA,2006,565185867
Brazil,BRA,2007,575138517.617347
Brazil,BRA,2008,623133514.551913
Brazil,BRA,2009,656848865.175
Brazil,BRA,2010,734242594.159884
Brazil,BRA,2011,812604545.04203
Brazil,BRA,2012,694741477.092942
Brazil,BRA,2014,804365938.855319
Bulgaria,BGR,2005,7778041
Bulgaria,BGR,2006,6603844.75
Bulgaria,BGR,2007,6665825.89096973
Bulgaria,BGR,2008,9211929.1878547
Bulgaria,BGR,2009,11051031.8836536
Bulgaria,BGR,2010,9892606.02233746
Bulgaria,BGR,2011,13716892.4968691
Bulgaria,BGR,2012,10838021.0319987
Bulgaria,BGR,2013,11959461.6781424
Bulgaria,BGR,2014,14796160.9666459
Bulgaria,BGR,2015,12925531.7710893
Burkina Faso,BFA,2006,47298132.25
Burkina Faso,BFA,2007,42567454.1278835
Burkina Faso,BFA,2008,52978377.7136842
Burkina Faso,BFA,2009,62092749.531
Burkina Faso,BFA,2010,58282723.806
Burkina Faso,BFA,2011,48066175.9037
Burkina Faso,BFA,2012,56480730.493
Burkina Faso,BFA,2013,58401077.947
Burundi,BDI,2007,26191559.6454545
Burundi,BDI,2008,26446970.2234783
Burundi,BDI,2009,27034142.9042878
Burundi,BDI,2010,41776442.2558028
Burundi,BDI,2011,25443438.455
Burundi,BDI,2012,38747562
Burundi,BDI,2013,41460906
Burundi,BDI,2014,18414529.07
Cambodia,KHM,2006,46219589.2372166
Cambodia,KHM,2007,53258764
Cambodia,KHM,2008,51846996.8328364
Cambodia,KHM,2009,53735197.9644342
Cambodia,KHM,2010,58059469.478
Cambodia,KHM,2011,52834014.91
Cambodia,KHM,2012,50883717.33
Cameroon,CMR,2004,24284083
Cameroon,CMR,2005,43173625
Cameroon,CMR,2006,33937835
Cameroon,CMR,2007,37998196.6631579
Cameroon,CMR,2008,44863107.3663158
Cameroon,CMR,2009,76970910.9911111
Cameroon,CMR,2010,64185623.5747368
Cameroon,CMR,2011,47971213.834
Cameroon,CMR,2012,50840874.504
Cameroon,CMR,2013,72549303.258
Cape Verde,CPV,2006,799656
Cape Verde,CPV,2007,1790645.75
Cape Verde,CPV,2008,2569599.63353184
Cape Verde,CPV,2009,1110770.4008119
Cape Verde,CPV,2010,2550065.4275
Cape Verde,CPV,2011,3601972.2225
Cape Verde,CPV,2012,34027.4405594858
Cape Verde,CPV,2013,4916285.995
Cape Verde,CPV,2014,3811653.51
Central African Republic,CAF,2006,14962737
Central African Republic,CAF,2007,10548130.6792453
Central African Republic,CAF,2008,20637243.3510132
Central African Republic,CAF,2009,11442259.0069245
Central African Republic,CAF,2010,14897397.9964387
Central African Republic,CAF,2011,15784563.941638
Chad,TCD,2006,0
Chad,TCD,2007,8767272.218
Chad,TCD,2008,14037230.2191304
Chad,TCD,2009,12657267.2816
Chad,TCD,2010,11791489.0744045
Chad,TCD,2011,18001758.818
Chad,TCD,2012,16349143.408
Chad,TCD,2013,17632653.7
Chile,CHL,2005,69167100
Chile,CHL,2008,112166091.954023
Chile,CHL,2009,141307412.437455
Chile,CHL,2010,157229159.153356
Chile,CHL,2011,165883778.730126
Chile,CHL,2012,212550138.605727
Chile,CHL,2015,172772050.34
China,CHN,2006,138927272
China,CHN,2007,124115808
China,CHN,2008,323834196.891192
China,CHN,2009,353535353.535354
China,CHN,2010,586572420.500055
China,CHN,2011,593989628.411765
China,CHN,2012,635813432.661255
China,CHN,2013,757504322.114686
China,CHN,2014,989975570.032574
Colombia,COL,2006,98169192.9375
Colombia,COL,2007,87978214.208485
Colombia,COL,2008,128878172.22683
Colombia,COL,2009,105630779.550246
Colombia,COL,2010,113064730.16002
Colombia,COL,2011,96673834.920661
Colombia,COL,2012,134944827.141162
Colombia,COL,2013,119528046.233296
Comoros,COM,2007,150000
Comoros,COM,2010,169642.73390501
Comoros,COM,2011,936323.480252864
Comoros,COM,2012,1532305.97316441
Comoros,COM,2013,696389.274285714
Comoros,COM,2014,1052149
Congo,COG,2007,9443989.524
Congo,COG,2008,11628857.3388587
Congo,COG,2009,11976747.098
Congo,COG,2010,16472585.652
Costa Rica,CRI,2006,35727299.875
Costa Rica,CRI,2008,43923785.3575
Costa Rica,CRI,2010,30556390
Costa Rica,CRI,2012,22246679
Cote d'Ivoire,CIV,2005,15782199.2890625
Cote d'Ivoire,CIV,2006,47039581.862
Cote d'Ivoire,CIV,2007,70975032.846
Cote d'Ivoire,CIV,2008,67294316.842
Cote d'Ivoire,CIV,2009,119936505.248
Cote d'Ivoire,CIV,2010,114776945.32
Cote d'Ivoire,CIV,2011,97995386.7353535
Cote d'Ivoire,CIV,2012,124202802.777506
Cote d'Ivoire,CIV,2013,103855515.93638
Croatia,HRV,2006,8424443.5
Croatia,HRV,2007,8907938.66938775
Croatia,HRV,2008,9957027.01176471
Croatia,HRV,2009,10367188
Croatia,HRV,2012,11278316.9491525
Croatia,HRV,2013,14363785.4545122
Cuba,CUB,2007,44509069
Cuba,CUB,2008,46615803
Cuba,CUB,2009,68720826.11
Cuba,CUB,2010,66854941.953
Cuba,CUB,2011,70567385.728
Cuba,CUB,2012,72046447.786
Cuba,CUB,2013,69734372.397
Czechia,CZE,2007,57386483.7096774
Czechia,CZE,2008,64836192.606383
Czechia,CZE,2009,70147858.5789474
Democratic Republic of Congo,COD,2006,41689248
Democratic Republic of Congo,COD,2008,96365322
Democratic Republic of Congo,COD,2009,186945819
Democratic Republic of Congo,COD,2010,195554363
Democratic Republic of Congo,COD,2011,190800215
Democratic Republic of Congo,COD,2012,229278486
Democratic Republic of Congo,COD,2013,99828587
Democratic Republic of Congo,COD,2014,97139495
Djibouti,DJI,2007,3690621
Djibouti,DJI,2008,3220826
Djibouti,DJI,2009,2006625
Djibouti,DJI,2010,5046033.40525424
Djibouti,DJI,2011,4293492.85491526
Djibouti,DJI,2012,3828455.54267644
Djibouti,DJI,2014,2883765.17
Dominica,DMA,2008,177654.85
Dominica,DMA,2009,177654.85
Dominica,DMA,2010,223664.38
Dominica,DMA,2011,223664.38
Dominica,DMA,2012,336411.070110701
Dominican Republic,DOM,2007,37420644
Dominican Republic,DOM,2008,31331008.4326839
Dominican Republic,DOM,2012,40729787.7393935
Ecuador,ECU,2005,2950901.66
Ecuador,ECU,2006,10209004.9
Ecuador,ECU,2007,7473084.69
Ecuador,ECU,2008,0
Ecuador,ECU,2009,0
Ecuador,ECU,2010,28641874.495
Ecuador,ECU,2014,13230521.67
Egypt,EGY,2007,6391755.27272727
Egypt,EGY,2008,7652152.18181818
El Salvador,SLV,2006,35970390
El Salvador,SLV,2007,43769464
El Salvador,SLV,2008,41232425
El Salvador,SLV,2010,49857063
El Salvador,SLV,2012,59224233
El Salvador,SLV,2013,62305782
El Salvador,SLV,2014,68138036
El Salvador,SLV,2015,69971303
Equatorial Guinea,GNQ,2007,1314029.64444444
Equatorial Guinea,GNQ,2008,2926458.43886463
Equatorial Guinea,GNQ,2009,2840864.93248945
Equatorial Guinea,GNQ,2012,2364083.0551
Equatorial Guinea,GNQ,2013,8715789.09791667
Eritrea,ERI,2005,15411702
Eritrea,ERI,2006,7183159
Eritrea,ERI,2007,7792681.5
Eritrea,ERI,2008,14456536.38
Eritrea,ERI,2009,13661214
Estonia,EST,2008,18373202.3386342
Estonia,EST,2010,16353142.1186441
Eswatini,SWZ,2005,0
Eswatini,SWZ,2006,49113384
Eswatini,SWZ,2007,49446926.8571429
Eswatini,SWZ,2009,75280452.9715762
Eswatini,SWZ,2011,86741192
Eswatini,SWZ,2012,82568469
Eswatini,SWZ,2013,96931522
Ethiopia,ETH,2008,248000114
Ethiopia,ETH,2011,403309472
Ethiopia,ETH,2016,351583871
Fiji,FJI,2007,1849093.86223
Fiji,FJI,2008,2506227.051924
Fiji,FJI,2009,2332251.52247191
Fiji,FJI,2010,2096988.53
Fiji,FJI,2011,2255211.91
Fiji,FJI,2012,335117.624920344
Fiji,FJI,2013,191953.138121547
Fiji,FJI,2014,213386.343137255
Gabon,GAB,2007,10531077.6116632
Gabon,GAB,2008,11918289.7027027
Gabon,GAB,2009,6583069.15254237
Gabon,GAB,2010,8035394.78787879
Gabon,GAB,2011,9934667.08686441
Gabon,GAB,2012,15229285.1545988
Gabon,GAB,2013,11176198.2983197
Gabon,GAB,2014,6452776.92352316
Gambia,GMB,2007,4898005
Gambia,GMB,2008,4987930
Gambia,GMB,2014,3850000.69
Georgia,GEO,2006,5294119.14257813
Georgia,GEO,2008,8218686
Georgia,GEO,2009,10372885.7946135
Georgia,GEO,2010,15909290
Georgia,GEO,2011,14255584
Georgia,GEO,2012,16557873
Georgia,GEO,2013,16103397
Georgia,GEO,2014,16962519
Georgia,GEO,2015,15953309.81
Ghana,GHA,2006,22982243
Ghana,GHA,2007,52445091
Ghana,GHA,2008,38850940
Ghana,GHA,2009,54228387
Ghana,GHA,2010,62147564
Ghana,GHA,2011,81677333
Ghana,GHA,2012,145105927
Ghana,GHA,2013,106502691
Ghana,GHA,2015,92306722.1854305
Greece,GRC,2008,96058434.8270864
Grenada,GRD,2006,1050000
Grenada,GRD,2008,483594.970612306
Grenada,GRD,2009,194492.690276021
Grenada,GRD,2010,93501.4169066049
Grenada,GRD,2011,7434.65
Grenada,GRD,2012,120140.92
Grenada,GRD,2013,194829.49
Guatemala,GTM,2002,12571164.84
Guatemala,GTM,2003,15850808.01
Guatemala,GTM,2004,19393994.85
Guatemala,GTM,2005,21868378.17
Guatemala,GTM,2006,21155491.56
Guatemala,GTM,2007,0
Guatemala,GTM,2008,0
Guatemala,GTM,2009,45025407.8826
Guatemala,GTM,2010,46082034.1808
Guatemala,GTM,2011,46930846.5288
Guatemala,GTM,2012,53225006
Guatemala,GTM,2013,57371338
Guatemala,GTM,2014,55519729
Guatemala,GTM,2016,50464376
Guinea,GIN,2007,7421451.49179289
Guinea,GIN,2008,13226372.6821931
Guinea,GIN,2009,13508992.300817
Guinea,GIN,2010,11942596.3514286
Guinea,GIN,2011,15044153.3982681
Guinea,GIN,2012,12076992.529421
Guinea,GIN,2013,14413834.952
Guinea,GIN,2014,15762745.2672
Guinea-Bissau,GNB,2006,2859366.5
Guinea-Bissau,GNB,2007,2799713.25
Guinea-Bissau,GNB,2008,4129567.72829361
Guinea-Bissau,GNB,2009,5739812.27275911
Guinea-Bissau,GNB,2010,5258837.03854612
Guyana,GUY,2011,21541642
Guyana,GUY,2012,21921471
Haiti,HTI,2006,70285699.9749756
Haiti,HTI,2007,73348812.0727929
Haiti,HTI,2008,144431252.3345
Haiti,HTI,2009,135718466.39
Haiti,HTI,2010,166132149.58
Haiti,HTI,2011,209009281
Haiti,HTI,2012,115806396
Haiti,HTI,2013,127874387
Honduras,HND,2006,17485078.5
Honduras,HND,2007,22393727.8835979
Honduras,HND,2008,28463574.6031746
Honduras,HND,2009,31974903.4405745
Honduras,HND,2010,36184175.3152934
Honduras,HND,2011,36126243.0384563
Honduras,HND,2012,38299977.5787049
Honduras,HND,2013,36713777.0253693
Hungary,HUN,2007,2274786.63059831
Hungary,HUN,2008,3673401.63934426
Hungary,HUN,2009,3496376.96335079
India,IND,2008,145589869.564752
India,IND,2009,140001565.23219
India,IND,2010,225715496.269681
India,IND,2011,275000075.538954
India,IND,2012,205808366.030677
India,IND,2013,144554316.563997
India,IND,2014,164330064.575583
Indonesia,IDN,2006,56576573.7074935
Indonesia,IDN,2007,58671397.39
Indonesia,IDN,2008,49563286
Indonesia,IDN,2009,60285419.7017778
Indonesia,IDN,2010,68801197
Indonesia,IDN,2011,72543621
Indonesia,IDN,2012,87002694
Iran,IRN,2006,32777972
Iran,IRN,2008,36011016.2025398
Iran,IRN,2009,40761320
Iran,IRN,2012,74486120.2710646
Italy,ITA,2011,508145475.285171
Jamaica,JAM,2005,11306126
Jamaica,JAM,2006,10361506
Jamaica,JAM,2007,14749274
Jamaica,JAM,2009,15192487.7746437
Jamaica,JAM,2010,14666841.0157709
Jamaica,JAM,2011,18364388
Jamaica,JAM,2012,17136135
Japan,JPN,2006,68134843.75
Japan,JPN,2009,73196543.6893204
Japan,JPN,2010,73455936.1702128
Japan,JPN,2011,67907853.9325843
Jordan,JOR,2007,2697078
Jordan,JOR,2009,3099000
Jordan,JOR,2010,1723767.521
Jordan,JOR,2011,1433831.479
Jordan,JOR,2012,1968903
Jordan,JOR,2013,1079616
Kazakhstan,KAZ,2007,17958794
Kazakhstan,KAZ,2009,22778078.8933333
Kazakhstan,KAZ,2011,36887018.0204082
Kazakhstan,KAZ,2012,37809895.2133456
Kazakhstan,KAZ,2013,37802614.379085
Kazakhstan,KAZ,2014,43041166.6666667
Kenya,KEN,2007,418581567.017517
Kenya,KEN,2008,659865872.183921
Kenya,KEN,2009,670864163
Kenya,KEN,2010,726058594.183827
Kenya,KEN,2011,837615747.52031
Kenya,KEN,2012,790658623.850316
Kenya,KEN,2013,850027885.938783
Kiribati,KIR,2010,429800
Kiribati,KIR,2011,258888
Kiribati,KIR,2012,339277
Kiribati,KIR,2014,669378.378378378
Kiribati,KIR,2016,252340.17
Kuwait,KWT,2007,4219466.24
Kuwait,KWT,2008,4695719.6
Kuwait,KWT,2009,4578054.84
Kuwait,KWT,2010,56791069
Kuwait,KWT,2012,59515454.5454546
Kuwait,KWT,2013,5952003.50877193
Kuwait,KWT,2014,22365503
Kyrgyzstan,KGZ,2006,7917122.375
Kyrgyzstan,KGZ,2008,8795735.96295643
Kyrgyzstan,KGZ,2009,12153796
Kyrgyzstan,KGZ,2010,11235261
Kyrgyzstan,KGZ,2011,5720845
Kyrgyzstan,KGZ,2012,13399289
Kyrgyzstan,KGZ,2013,17609990
Kyrgyzstan,KGZ,2014,15978696.42
Laos,LAO,2006,4675671
Laos,LAO,2007,5146613.38
Laos,LAO,2008,5017038
Laos,LAO,2009,5997398
Laos,LAO,2010,8586397.07
Laos,LAO,2011,11749215.6
Latvia,LVA,2006,5748000
Latvia,LVA,2009,7134019.39449511
Latvia,LVA,2010,6176719.45682651
Latvia,LVA,2011,267460
Latvia,LVA,2012,619656
Latvia,LVA,2013,9452206.7
Latvia,LVA,2014,8763408.26
Lebanon,LBN,2007,4400000
Lebanon,LBN,2008,7300000
Lebanon,LBN,2009,4450000
Lebanon,LBN,2010,2420000
Lebanon,LBN,2011,2420000
Lebanon,LBN,2013,5191497
Lesotho,LSO,2006,24436397
Lesotho,LSO,2007,54502463.6
Lesotho,LSO,2008,81741090.482399
Lesotho,LSO,2009,0
Lesotho,LSO,2010,0
Lesotho,LSO,2013,86463007
Lesotho,LSO,2014,111570742
Liberia,LBR,2010,28357694.89
Liberia,LBR,2011,31123572.25
Lithuania,LTU,2011,3669400.74906367
Lithuania,LTU,2012,2496550.94507651
Luxembourg,LUX,2009,0
Madagascar,MDG,2007,17802042
Madagascar,MDG,2008,11960068.8659203
Madagascar,MDG,2010,9431067.01531637
Madagascar,MDG,2011,13881177.4977003
Madagascar,MDG,2012,9820637.00557845
Madagascar,MDG,2013,6715215.10765766
Madagascar,MDG,2014,5737192.91
Madagascar,MDG,2015,5806920.66
Madagascar,MDG,2016,3563919.28
Malawi,MWI,2005,66407193
Malawi,MWI,2008,107426244
Malawi,MWI,2009,71804797
Malawi,MWI,2010,65560000
Malawi,MWI,2011,151972234
Malawi,MWI,2012,145522435
Malawi,MWI,2015,230210286.215442
Malaysia,MYS,2008,24752000
Malaysia,MYS,2009,28179411.7941177
Malaysia,MYS,2010,31945129.4735099
Malaysia,MYS,2011,39193880.73125
Malaysia,MYS,2012,56645650.696875
Malaysia,MYS,2013,58084996.134375
Malaysia,MYS,2014,53802555.8864865
Mali,MLI,2006,29022701.25
Mali,MLI,2007,43712742.8479263
Mali,MLI,2008,43788574.4341463
Mali,MLI,2009,28408825.06
Mali,MLI,2010,36703031.4838253
Mali,MLI,2011,24333789.804
Mali,MLI,2012,21794989.592
Marshall Islands,MHL,2007,122518
Marshall Islands,MHL,2008,0
Marshall Islands,MHL,2009,125841
Marshall Islands,MHL,2010,390933
Marshall Islands,MHL,2011,174208
Marshall Islands,MHL,2012,446142
Marshall Islands,MHL,2013,516765
Marshall Islands,MHL,2014,679774
Mauritania,MRT,2009,86917.12
Mauritania,MRT,2010,946354
Mauritania,MRT,2011,4082502
Mauritania,MRT,2012,3934241
Mauritania,MRT,2013,2731148
Mauritius,MUS,2006,1501345.375
Mauritius,MUS,2010,7524014.86206897
Mexico,MEX,2005,271364185.625
Mexico,MEX,2008,447704520.335558
Mexico,MEX,2009,376480868.359769
Mexico,MEX,2011,534914169.462847
Micronesia (country),FSM,2008,354776
Micronesia (country),FSM,2009,685925.86
Micronesia (country),FSM,2010,521805.87
Micronesia (country),FSM,2011,473469
Micronesia (country),FSM,2012,446688
Micronesia (country),FSM,2013,519360
Micronesia (country),FSM,2014,344003.77
Moldova,MDA,2007,8200348.25
Moldova,MDA,2008,13254121.3666987
Moldova,MDA,2009,11859795.4199379
Moldova,MDA,2010,10948535.3743642
Moldova,MDA,2011,14352889.4378194
Moldova,MDA,2012,9582312.04900844
Moldova,MDA,2013,8483257.40427459
Moldova,MDA,2014,9200219.6056643
Mongolia,MNG,2007,3377400
Mongolia,MNG,2008,5160118.02921531
Mongolia,MNG,2009,4758316.7116984
Mongolia,MNG,2010,3883709.62962963
Mongolia,MNG,2011,3949791.11111111
Mongolia,MNG,2013,3552745
Mongolia,MNG,2014,2858199
Montenegro,MNE,2007,1470536.98630137
Montenegro,MNE,2008,596567.647058824
Montenegro,MNE,2009,830121.428571429
Morocco,MAR,2006,6900215.75
Morocco,MAR,2007,11040303
Morocco,MAR,2008,13643597
Morocco,MAR,2009,14648004
Morocco,MAR,2010,14832191
Morocco,MAR,2011,14632692
Morocco,MAR,2012,21453834
Morocco,MAR,2013,22730808
Morocco,MAR,2015,22099998
Mozambique,MOZ,2004,48503886
Mozambique,MOZ,2005,58992973
Mozambique,MOZ,2006,96623778.43
Mozambique,MOZ,2007,105235588
Mozambique,MOZ,2008,146424960
Mozambique,MOZ,2010,213485240.2
Mozambique,MOZ,2011,260279345
Mozambique,MOZ,2012,257440189.962814
Mozambique,MOZ,2013,353766025.830151
Mozambique,MOZ,2014,353836435.865298
Mozambique,MOZ,2015,343606041
Mozambique,MOZ,2016,329521478
Myanmar,MMR,2007,32762916.484375
Myanmar,MMR,2008,32802377.7526468
Myanmar,MMR,2009,34264132.5275341
Myanmar,MMR,2010,40501041.6666667
Myanmar,MMR,2011,46293477.5
Myanmar,MMR,2012,42196575.037946
Myanmar,MMR,2013,56389651.6949655
Namibia,NAM,2003,35000000
Namibia,NAM,2005,79122000
Namibia,NAM,2007,130500000
Namibia,NAM,2009,243041929.987306
Namibia,NAM,2010,279320471.90488
Namibia,NAM,2012,206262070
Namibia,NAM,2013,218231939
Nauru,NRU,2008,80673.6577181208
Nauru,NRU,2009,97112.3244929797
Nepal,NPL,2006,8896695.140625
Nepal,NPL,2007,17661653
Nepal,NPL,2009,20454800.1611049
Nicaragua,NIC,2007,12665213
Nicaragua,NIC,2008,14992937.46
Nicaragua,NIC,2010,24894866.9959965
Niger,NER,2006,21632108
Niger,NER,2007,16656278.0755556
Niger,NER,2008,14268160.6311111
Niger,NER,2009,10080692.0484421
Niger,NER,2010,14180564.2534973
Niger,NER,2011,14617433.8628992
Niger,NER,2012,16094800.0550738
Nigeria,NGA,2006,19140699
Nigeria,NGA,2007,299241772
Nigeria,NGA,2008,394963885
Nigeria,NGA,2009,415287430
Nigeria,NGA,2010,496917471
Nigeria,NGA,2011,499432729
Nigeria,NGA,2012,574310062
North Korea,PRK,2009,868500
North Korea,PRK,2010,1014600
North Korea,PRK,2011,1145420
North Macedonia,MKD,2005,3627078.5
North Macedonia,MKD,2008,3659005.14748637
North Macedonia,MKD,2009,4753257.08834621
North Macedonia,MKD,2010,4764350.54575897
Oman,OMN,2009,811770.86
Oman,OMN,2011,4703922.269
Oman,OMN,2012,5422075
Oman,OMN,2013,3890133.75
Oman,OMN,2014,4324861
Pakistan,PAK,2007,5076641.5
Pakistan,PAK,2008,14194847
Pakistan,PAK,2009,14064508.2157719
Pakistan,PAK,2010,12951615.3015694
Pakistan,PAK,2011,5209746.9
Pakistan,PAK,2012,10450151.36
Pakistan,PAK,2013,9993630.02
Palau,PLW,2007,57425.37
Palau,PLW,2008,57260.82
Palau,PLW,2009,67448.6
Palau,PLW,2010,982488.99
Palau,PLW,2011,1044959.11
Palau,PLW,2013,409041.33
Palau,PLW,2014,30032.3
Panama,PAN,2006,21997471
Panama,PAN,2008,21077738
Panama,PAN,2010,24275360
Panama,PAN,2012,47835015.63153
Papua New Guinea,PNG,2009,50333020.3065134
Papua New Guinea,PNG,2010,51209268.5606061
Papua New Guinea,PNG,2011,47372864.0881857
Papua New Guinea,PNG,2012,36659267.3076923
Paraguay,PRY,2006,1017666
Paraguay,PRY,2007,2497096
Paraguay,PRY,2008,11831832
Paraguay,PRY,2009,14042677
Paraguay,PRY,2010,12414684
Paraguay,PRY,2011,9208240
Paraguay,PRY,2012,13657172.7
Paraguay,PRY,2013,14941352.275
Peru,PER,2005,25773171.5
Peru,PER,2006,36169689.75
Peru,PER,2007,39986982.3948602
Peru,PER,2008,45186950.5744361
Peru,PER,2009,62229415.7031873
Peru,PER,2010,36431352.4515216
Peru,PER,2013,74861271.8518519
Peru,PER,2014,78148248
Philippines,PHL,2005,8054565.56679162
Philippines,PHL,2006,8561154.54813571
Philippines,PHL,2007,5623741.065554
Philippines,PHL,2008,7734114.59230191
Philippines,PHL,2009,12030977.2592763
Philippines,PHL,2010,12495865.0556197
Philippines,PHL,2011,12645619.7062782
Philippines,PHL,2012,9642394.63554277
Philippines,PHL,2013,10319421.4077298
Poland,POL,2007,41978735.1851852
Poland,POL,2008,62946967.137037
Poland,POL,2009,48820379.24716
Poland,POL,2010,66986129.5884869
Poland,POL,2011,74423714.8648649
Poland,POL,2012,83259468.7116565
Poland,POL,2013,90199774.3670886
Poland,POL,2014,83684559.0694864
Portugal,PRT,2009,10081613.6363636
Portugal,PRT,2010,175446308.292994
Portugal,PRT,2011,201374451.97861
Portugal,PRT,2012,10356197.1866332
Portugal,PRT,2013,274577667.788581
Romania,ROU,2006,76088416
Romania,ROU,2008,87241136
Romania,ROU,2009,84255940
Romania,ROU,2010,95508030
Romania,ROU,2011,108228460
Romania,ROU,2012,34583120.9107941
Romania,ROU,2014,98535201
Russia,RUS,2006,304989825.21875
Russia,RUS,2008,780172789.752752
Russia,RUS,2013,546296296
Russia,RUS,2014,512676056
Rwanda,RWA,2006,87129455.5
Rwanda,RWA,2007,74564937.9166071
Rwanda,RWA,2008,110811596.19
Rwanda,RWA,2009,173621081
Rwanda,RWA,2011,234613362
Rwanda,RWA,2012,243667682.71
Saint Kitts and Nevis,KNA,2007,1342611.17104382
Saint Kitts and Nevis,KNA,2008,1487271.34513801
Saint Kitts and Nevis,KNA,2009,1210090.78565583
Saint Kitts and Nevis,KNA,2010,151172.718518519
Saint Kitts and Nevis,KNA,2011,93349.2592592593
Saint Kitts and Nevis,KNA,2012,82440.3703703704
Saint Kitts and Nevis,KNA,2013,85110
Saint Lucia,LCA,2006,1000199.078125
Saint Lucia,LCA,2007,772018.015625
Saint Vincent and the Grenadines,VCT,2008,1625301.03042928
Saint Vincent and the Grenadines,VCT,2009,2629219.1540808
Saint Vincent and the Grenadines,VCT,2010,4020691.65073529
Saint Vincent and the Grenadines,VCT,2011,2951440.91176471
Saint Vincent and the Grenadines,VCT,2012,1466605.32592593
Samoa,WSM,2009,792332
Samoa,WSM,2010,345027.685483871
Samoa,WSM,2011,307482.24137931
Samoa,WSM,2013,903852
Sao Tome and Principe,STP,2007,98088.7196589194
Sao Tome and Principe,STP,2008,93188.5079958535
Sao Tome and Principe,STP,2009,460568.92
Sao Tome and Principe,STP,2010,605752
Sao Tome and Principe,STP,2011,880869
Sao Tome and Principe,STP,2012,438390
Sao Tome and Principe,STP,2013,821699.43
Sao Tome and Principe,STP,2014,751805.8
Saudi Arabia,SAU,2009,19389141.3333333
Senegal,SEN,2006,11934512.0219057
Senegal,SEN,2007,17814671.8393904
Senegal,SEN,2008,29758122.4772727
Senegal,SEN,2011,21357515.6236829
Senegal,SEN,2012,25134303.743384
Senegal,SEN,2013,22380529.6816382
Serbia,SRB,2012,13375569.6328977
Serbia,SRB,2013,16333869.047622
Seychelles,SYC,2007,479214
Seychelles,SYC,2008,575899.238748582
Seychelles,SYC,2009,1748649.14285714
Seychelles,SYC,2010,2354608.09090909
Seychelles,SYC,2011,2172223.69228891
Seychelles,SYC,2012,4686371.83333333
Seychelles,SYC,2013,2900786.48
Seychelles,SYC,2014,3560043.23099631
Sierra Leone,SLE,2006,7759514.1875
Sierra Leone,SLE,2007,9172665.21683103
Sierra Leone,SLE,2009,14309550
Sierra Leone,SLE,2011,20905243
Singapore,SGP,2007,11349934.1792316
Singapore,SGP,2008,15338055.6952839
Singapore,SGP,2009,14361842.1052632
Singapore,SGP,2010,16486428.5714286
Singapore,SGP,2011,23091269.8412698
Singapore,SGP,2012,23746298.2096774
Singapore,SGP,2013,23739323.0873016
Singapore,SGP,2014,23202746.72
Solomon Islands,SLB,2008,598244.619354839
Solomon Islands,SLB,2009,575215.606451613
Solomon Islands,SLB,2010,804326.698284639
Solomon Islands,SLB,2011,908429.081570424
Somalia,SOM,2006,12202916.81
Somalia,SOM,2007,9811603
Somalia,SOM,2008,5994773.5
Somalia,SOM,2009,5981773.5
South Africa,ZAF,2006,610975168
South Africa,ZAF,2007,648093868
South Africa,ZAF,2009,2329049277.4134
South Africa,ZAF,2014,1880672908
South Korea,KOR,2009,13178000
South Korea,KOR,2010,11161000
South Korea,KOR,2011,11171000
South Sudan,SSD,2006,260000
South Sudan,SSD,2007,1312767
South Sudan,SSD,2011,31238878
South Sudan,SSD,2012,24154613.65
Spain,ESP,2007,551413158.092848
Spain,ESP,2008,916739279.452055
Spain,ESP,2009,947070402.28607
Spain,ESP,2010,980913999.735029
Spain,ESP,2011,1080338130.49527
Spain,ESP,2012,978031084.401004
Spain,ESP,2013,919488342.433308
Sri Lanka,LKA,2007,1705728.17285156
Sri Lanka,LKA,2008,1568313
Sri Lanka,LKA,2009,4504057.59982183
Sri Lanka,LKA,2010,4727896.69202193
Sri Lanka,LKA,2013,1226938
Sudan,SDN,2008,15985346
Sudan,SDN,2009,15358624
Sudan,SDN,2011,23349252.05
Sudan,SDN,2012,18458156
Sudan,SDN,2013,13840875
Suriname,SUR,2007,500000
Suriname,SUR,2009,4037170.46007045
Suriname,SUR,2010,6129853.39818182
Suriname,SUR,2011,4674508.14940211
Sweden,SWE,2007,0
Sweden,SWE,2008,0
Sweden,SWE,2009,0
Switzerland,CHE,2006,18505748
Switzerland,CHE,2008,14898053.7534754
Switzerland,CHE,2009,14843028.6241921
Switzerland,CHE,2010,3067778.73645863
Switzerland,CHE,2011,3608479.9278304
Switzerland,CHE,2012,3411877.59889114
Syria,SYR,2007,1660147
Syria,SYR,2008,2014305
Syria,SYR,2009,2019325
Syria,SYR,2011,809850
Tajikistan,TJK,2006,5210554.8125
Tajikistan,TJK,2008,6186978.50716065
Tajikistan,TJK,2009,7501041.09853513
Tajikistan,TJK,2010,15293808.6956522
Tajikistan,TJK,2011,15370003.4782609
Tajikistan,TJK,2012,12715923.5789474
Tajikistan,TJK,2013,14077892.8721174
Tanzania,TZA,2005,266371077
Thailand,THA,2007,199644530.632435
Thailand,THA,2008,209123113.950983
Thailand,THA,2009,209106533.902091
Thailand,THA,2010,242670428.619843
Thailand,THA,2011,325388453.874333
Thailand,THA,2012,282888793.727138
Thailand,THA,2013,287278782.298379
Timor,TLS,2008,1826972.75069766
Timor,TLS,2009,1803013.71
Togo,TGO,2006,8530266.6796875
Togo,TGO,2007,14365723.9244444
Togo,TGO,2008,17238298.52
Togo,TGO,2009,15272333.915893
Togo,TGO,2010,24317567.5641789
Togo,TGO,2011,21971071.4967033
Togo,TGO,2012,20455090.1758242
Togo,TGO,2013,26857752.443122
Togo,TGO,2014,25321421.3163164
Tonga,TON,2008,209703.684210526
Tonga,TON,2009,310525.789473684
Tonga,TON,2010,0
Tonga,TON,2011,0
Tonga,TON,2014,158093.237837838
Trinidad and Tobago,TTO,2006,12678331.6875
Trinidad and Tobago,TTO,2007,10118410
Trinidad and Tobago,TTO,2008,15442886.031746
Trinidad and Tobago,TTO,2009,13810964.9206349
Tunisia,TUN,2010,3038140
Tunisia,TUN,2011,2742549
Turkey,TUR,2006,54365480
Turkey,TUR,2007,56852200
Turkey,TUR,2012,12291905.0091546
Tuvalu,TUV,2008,100132.46
Tuvalu,TUV,2009,61294
Tuvalu,TUV,2010,59641
Tuvalu,TUV,2011,177096.4
Tuvalu,TUV,2013,34455
Uganda,UGA,2005,202419252
Uganda,UGA,2007,270011038.763997
Uganda,UGA,2008,296649946.112922
Ukraine,UKR,2005,40004057.1310711
Ukraine,UKR,2006,55737389.419002
Ukraine,UKR,2007,79354447.139019
Ukraine,UKR,2008,102429697.479935
Ukraine,UKR,2009,65397491.9385366
Ukraine,UKR,2010,72838817.0793451
Ukraine,UKR,2011,107004261.57718
Ukraine,UKR,2012,124325856.598816
Ukraine,UKR,2015,97737794.11
United Arab Emirates,ARE,2009,17583651.2260676
United Arab Emirates,ARE,2010,25480829
United Arab Emirates,ARE,2011,30630854.4588155
United Arab Emirates,ARE,2012,32476416.893733
United Kingdom,GBR,2007,1204081632.65306
United Kingdom,GBR,2008,925714285.714286
United Kingdom,GBR,2009,80303030.3030303
Uruguay,URY,2005,6245860.60653109
Uruguay,URY,2006,5736140.60709565
Uruguay,URY,2007,14077808.7353325
Uzbekistan,UZB,2009,15939901.1685934
Uzbekistan,UZB,2010,23663618.07
Uzbekistan,UZB,2011,19149707.71
Uzbekistan,UZB,2012,24106268.46
Uzbekistan,UZB,2013,21315540.26
Uzbekistan,UZB,2014,19113115.876
Vanuatu,VUT,2008,1092358
Vanuatu,VUT,2009,1114768
Vanuatu,VUT,2010,1661522.91111111
Vanuatu,VUT,2011,1883490.05494506
Vanuatu,VUT,2012,328089.4
Vanuatu,VUT,2013,867285.724489796
Venezuela,VEN,2007,79818044.665364
Venezuela,VEN,2008,71722966.6765116
Venezuela,VEN,2009,83424284.2697674
Venezuela,VEN,2010,109663740.233453
Venezuela,VEN,2011,80485621.7
Venezuela,VEN,2012,66618451.612093
Venezuela,VEN,2013,72603707.8546032
Vietnam,VNM,2006,47155758
Vietnam,VNM,2007,66280815
Vietnam,VNM,2008,108814493.741823
Vietnam,VNM,2009,127374483.315
Vietnam,VNM,2010,139253245.024093
Vietnam,VNM,2011,99844926
Vietnam,VNM,2012,95446487
Yemen,YEM,2009,4955843
Yemen,YEM,2010,2210998
Yemen,YEM,2011,1613920
Zambia,ZMB,2006,189929904
Zambia,ZMB,2012,282218625.675676
Zimbabwe,ZWE,2005,89432191
Zimbabwe,ZWE,2006,129516626
Zimbabwe,ZWE,2008,27387121
Zimbabwe,ZWE,2009,90338609.66
Zimbabwe,ZWE,2010,268908534.6
Zimbabwe,ZWE,2011,257657385
Zimbabwe,ZWE,2012,308835446
Zimbabwe,ZWE,2013,253479644