Entity,Code,Year,AIDS Orphans - 0-17 estimate
Afghanistan,AFG,1990,44.8754
Afghanistan,AFG,1991,68.1093
Afghanistan,AFG,1992,99.9277
Afghanistan,AFG,1993,142.028
Afghanistan,AFG,1994,195.853
Afghanistan,AFG,1995,261.674
Afghanistan,AFG,1996,340.526
Afghanistan,AFG,1997,432.706
Afghanistan,AFG,1998,539.145
Afghanistan,AFG,1999,662.34
Afghanistan,AFG,2000,803.547
Afghanistan,AFG,2001,962.963
Afghanistan,AFG,2002,1140.12
Afghanistan,AFG,2003,1333.63
Afghanistan,AFG,2004,1541.24
Afghanistan,AFG,2005,1759.97
Afghanistan,AFG,2006,1988.62
Afghanistan,AFG,2007,2225.45
Afghanistan,AFG,2008,2471.2
Afghanistan,AFG,2009,2726.73
Afghanistan,AFG,2010,2984.38
Afghanistan,AFG,2011,3234.78
Afghanistan,AFG,2012,3474.88
Afghanistan,AFG,2013,3710.71
Afghanistan,AFG,2014,3955.08
Afghanistan,AFG,2015,4204.93
Afghanistan,AFG,2016,4456.4
Algeria,DZA,1990,575.601
Algeria,DZA,1991,656.71
Algeria,DZA,1992,742.689
Algeria,DZA,1993,833.277
Algeria,DZA,1994,928.392
Algeria,DZA,1995,1027.41
Algeria,DZA,1996,1129.95
Algeria,DZA,1997,1235.45
Algeria,DZA,1998,1341.75
Algeria,DZA,1999,1448.01
Algeria,DZA,2000,1553.72
Algeria,DZA,2001,1658.56
Algeria,DZA,2002,1762.67
Algeria,DZA,2003,1866.51
Algeria,DZA,2004,1970.51
Algeria,DZA,2005,2075.76
Algeria,DZA,2006,2183.97
Algeria,DZA,2007,2204.42
Algeria,DZA,2008,2164.26
Algeria,DZA,2009,2138.67
Algeria,DZA,2010,2129.71
Algeria,DZA,2011,2126.79
Algeria,DZA,2012,2139.08
Algeria,DZA,2013,2166.12
Algeria,DZA,2014,2176.55
Algeria,DZA,2015,2150.96
Algeria,DZA,2016,2098.12
Angola,AGO,1990,1732.1
Angola,AGO,1991,2348.87
Angola,AGO,1992,3147.3
Angola,AGO,1993,4170.5
Angola,AGO,1994,5463.5
Angola,AGO,1995,7075.27
Angola,AGO,1996,9080.74
Angola,AGO,1997,11518.1
Angola,AGO,1998,14456.8
Angola,AGO,1999,17975.8
Angola,AGO,2000,22158.9
Angola,AGO,2001,27072.4
Angola,AGO,2002,32764.1
Angola,AGO,2003,39269.1
Angola,AGO,2004,46600.5
Angola,AGO,2005,54684.6
Angola,AGO,2006,63364.7
Angola,AGO,2007,71488.2
Angola,AGO,2008,78958.9
Angola,AGO,2009,86431.7
Angola,AGO,2010,93800.7
Angola,AGO,2011,100971
Angola,AGO,2012,108089
Angola,AGO,2013,115455
Angola,AGO,2014,122087
Angola,AGO,2015,127630
Angola,AGO,2016,132635
Argentina,ARG,1990,5951.22
Argentina,ARG,1991,7667.02
Argentina,ARG,1992,9639.83
Argentina,ARG,1993,11839.7
Argentina,ARG,1994,14225.9
Argentina,ARG,1995,16753.4
Argentina,ARG,1996,18937
Argentina,ARG,1997,20485.8
Argentina,ARG,1998,21542.7
Argentina,ARG,1999,22294.3
Argentina,ARG,2000,22833.2
Argentina,ARG,2001,23144.1
Argentina,ARG,2002,23225.1
Argentina,ARG,2003,23124.2
Argentina,ARG,2004,22879.9
Argentina,ARG,2005,22522.8
Argentina,ARG,2006,22077.7
Argentina,ARG,2007,21565.6
Argentina,ARG,2008,21012
Argentina,ARG,2009,20439.1
Argentina,ARG,2010,19877.5
Argentina,ARG,2011,19495.8
Argentina,ARG,2012,19215.2
Argentina,ARG,2013,19091.4
Argentina,ARG,2014,19076.7
Argentina,ARG,2015,19094
Argentina,ARG,2016,19271.6
Asia and the Pacific,,1990,15018.6
Asia and the Pacific,,1991,22003.7
Asia and the Pacific,,1992,33078.6
Asia and the Pacific,,1993,50478.7
Asia and the Pacific,,1994,77275.4
Asia and the Pacific,,1995,117809
Asia and the Pacific,,1996,175609
Asia and the Pacific,,1997,253009
Asia and the Pacific,,1998,352167
Asia and the Pacific,,1999,472152
Asia and the Pacific,,2000,613208
Asia and the Pacific,,2001,774056
Asia and the Pacific,,2002,949637
Asia and the Pacific,,2003,1130000
Asia and the Pacific,,2004,1310000
Asia and the Pacific,,2005,1490000
Asia and the Pacific,,2006,1640000
Asia and the Pacific,,2007,1760000
Asia and the Pacific,,2008,1860000
Asia and the Pacific,,2009,1920000
Asia and the Pacific,,2010,1960000
Asia and the Pacific,,2011,1980000
Asia and the Pacific,,2012,1970000
Asia and the Pacific,,2013,1960000
Asia and the Pacific,,2014,1920000
Asia and the Pacific,,2015,1870000
Asia and the Pacific,,2016,1800000
Australia,AUS,1990,5664.66
Australia,AUS,1991,6371.02
Australia,AUS,1992,7012.67
Australia,AUS,1993,7578.56
Australia,AUS,1994,8057.04
Australia,AUS,1995,8437.78
Australia,AUS,1996,8715.76
Australia,AUS,1997,8658.6
Australia,AUS,1998,8377.56
Australia,AUS,1999,8126.33
Australia,AUS,2000,7646.59
Australia,AUS,2001,6993.64
Australia,AUS,2002,6368.74
Australia,AUS,2003,5783.16
Australia,AUS,2004,5255.53
Australia,AUS,2005,4799.88
Australia,AUS,2006,4383.6
Australia,AUS,2007,3988.58
Australia,AUS,2008,3647.72
Australia,AUS,2009,3362.74
Australia,AUS,2010,3139.53
Australia,AUS,2011,2970.7
Australia,AUS,2012,2846.24
Australia,AUS,2013,2740.38
Australia,AUS,2014,2664.78
Australia,AUS,2015,2606.63
Australia,AUS,2016,2570.33
Azerbaijan,AZE,1990,0.70699
Azerbaijan,AZE,1991,1.18343
Azerbaijan,AZE,1992,1.94396
Azerbaijan,AZE,1993,3.14212
Azerbaijan,AZE,1994,5.02264
Azerbaijan,AZE,1995,7.96782
Azerbaijan,AZE,1996,12.5985
Azerbaijan,AZE,1997,19.8463
Azerbaijan,AZE,1998,30.9723
Azerbaijan,AZE,1999,48.0158
Azerbaijan,AZE,2000,73.3764
Azerbaijan,AZE,2001,109.468
Azerbaijan,AZE,2002,158.756
Azerbaijan,AZE,2003,223.533
Azerbaijan,AZE,2004,305.762
Azerbaijan,AZE,2005,406.222
Azerbaijan,AZE,2006,523.919
Azerbaijan,AZE,2007,658.059
Azerbaijan,AZE,2008,795.044
Azerbaijan,AZE,2009,919.47
Azerbaijan,AZE,2010,1035.65
Azerbaijan,AZE,2011,1135.42
Azerbaijan,AZE,2012,1269.12
Azerbaijan,AZE,2013,1411.92
Azerbaijan,AZE,2014,1547.75
Azerbaijan,AZE,2015,1665.88
Azerbaijan,AZE,2016,1766.59
Bangladesh,BGD,1990,1.3054
Bangladesh,BGD,1991,3.18885
Bangladesh,BGD,1992,6.45431
Bangladesh,BGD,1993,11.6354
Bangladesh,BGD,1994,19.5821
Bangladesh,BGD,1995,31.4867
Bangladesh,BGD,1996,48.9749
Bangladesh,BGD,1997,74.431
Bangladesh,BGD,1998,110.847
Bangladesh,BGD,1999,162.333
Bangladesh,BGD,2000,234.139
Bangladesh,BGD,2001,333.4
Bangladesh,BGD,2002,469.359
Bangladesh,BGD,2003,654.748
Bangladesh,BGD,2004,909.736
Bangladesh,BGD,2005,1253.79
Bangladesh,BGD,2006,1695.97
Bangladesh,BGD,2007,2238.59
Bangladesh,BGD,2008,2883.74
Bangladesh,BGD,2009,3582.08
Bangladesh,BGD,2010,4298.76
Bangladesh,BGD,2011,5041.88
Bangladesh,BGD,2012,5759.37
Bangladesh,BGD,2013,6414.68
Bangladesh,BGD,2014,6982.34
Bangladesh,BGD,2015,7466.86
Bangladesh,BGD,2016,7884.02
Belize,BLZ,1990,0.51008
Belize,BLZ,1991,0.77668
Belize,BLZ,1992,1.18496
Belize,BLZ,1993,1.80882
Belize,BLZ,1994,2.75513
Belize,BLZ,1995,4.20876
Belize,BLZ,1996,6.4635
Belize,BLZ,1997,9.97345
Belize,BLZ,1998,15.4168
Belize,BLZ,1999,23.7791
Belize,BLZ,2000,36.4116
Belize,BLZ,2001,54.7557
Belize,BLZ,2002,82.0091
Belize,BLZ,2003,112.983
Belize,BLZ,2004,138.292
Belize,BLZ,2005,172.297
Belize,BLZ,2006,215.134
Belize,BLZ,2007,261.737
Belize,BLZ,2008,321.233
Belize,BLZ,2009,401.319
Belize,BLZ,2010,485.009
Belize,BLZ,2011,565.635
Belize,BLZ,2012,654.798
Belize,BLZ,2013,750.46
Belize,BLZ,2014,850.233
Belize,BLZ,2015,957.537
Belize,BLZ,2016,1070.41
Benin,BEN,1990,124.171
Benin,BEN,1991,264.875
Benin,BEN,1992,517.875
Benin,BEN,1993,940.204
Benin,BEN,1994,1597.21
Benin,BEN,1995,2560.92
Benin,BEN,1996,3904.92
Benin,BEN,1997,5674.9
Benin,BEN,1998,7949.02
Benin,BEN,1999,10767.3
Benin,BEN,2000,14159.7
Benin,BEN,2001,18110
Benin,BEN,2002,22554
Benin,BEN,2003,27377.8
Benin,BEN,2004,32416.7
Benin,BEN,2005,37428.2
Benin,BEN,2006,42259.8
Benin,BEN,2007,46798.1
Benin,BEN,2008,50967.9
Benin,BEN,2009,51635.2
Benin,BEN,2010,50366.1
Benin,BEN,2011,48819.9
Benin,BEN,2012,47103.6
Benin,BEN,2013,45376.6
Benin,BEN,2014,43825.5
Benin,BEN,2015,42764.5
Benin,BEN,2016,41361.6
Bolivia,BOL,1990,1.53002
Bolivia,BOL,1991,2.89873
Bolivia,BOL,1992,5.5419
Bolivia,BOL,1993,10.7075
Bolivia,BOL,1994,20.8383
Bolivia,BOL,1995,41.2067
Bolivia,BOL,1996,80.8418
Bolivia,BOL,1997,154.897
Bolivia,BOL,1998,280.988
Bolivia,BOL,1999,479.997
Bolivia,BOL,2000,775.079
Bolivia,BOL,2001,1186.93
Bolivia,BOL,2002,1722.35
Bolivia,BOL,2003,2381.11
Bolivia,BOL,2004,3162.16
Bolivia,BOL,2005,4055.59
Bolivia,BOL,2006,5019.83
Bolivia,BOL,2007,6016.77
Bolivia,BOL,2008,7036.2
Bolivia,BOL,2009,8049.21
Bolivia,BOL,2010,8953.84
Bolivia,BOL,2011,9788.89
Bolivia,BOL,2012,10612
Bolivia,BOL,2013,11260.4
Bolivia,BOL,2014,11680
Bolivia,BOL,2015,11932.6
Bolivia,BOL,2016,11944.8
Botswana,BWA,1990,2549.89
Botswana,BWA,1991,4236.49
Botswana,BWA,1992,6793.51
Botswana,BWA,1993,10525.5
Botswana,BWA,1994,15738
Botswana,BWA,1995,22689.8
Botswana,BWA,1996,31565.4
Botswana,BWA,1997,42200
Botswana,BWA,1998,54320.2
Botswana,BWA,1999,67703.7
Botswana,BWA,2000,81881.5
Botswana,BWA,2001,96270.2
Botswana,BWA,2002,110254
Botswana,BWA,2003,122660
Botswana,BWA,2004,131401
Botswana,BWA,2005,135065
Botswana,BWA,2006,134361
Botswana,BWA,2007,130688
Botswana,BWA,2008,125587
Botswana,BWA,2009,119452
Botswana,BWA,2010,112017
Botswana,BWA,2011,104539
Botswana,BWA,2012,97024.7
Botswana,BWA,2013,89459.5
Botswana,BWA,2014,82254.7
Botswana,BWA,2015,75070.7
Botswana,BWA,2016,68089.4
Brazil,BRA,1990,36197.7
Brazil,BRA,1991,48597.2
Brazil,BRA,1992,62903.5
Brazil,BRA,1993,78881.7
Brazil,BRA,1994,96229.5
Brazil,BRA,1995,114595
Brazil,BRA,1996,133583
Brazil,BRA,1997,152701
Brazil,BRA,1998,158922
Brazil,BRA,1999,163339
Brazil,BRA,2000,165155
Brazil,BRA,2001,164547
Brazil,BRA,2002,163122
Brazil,BRA,2003,161098
Brazil,BRA,2004,158328
Brazil,BRA,2005,154403
Brazil,BRA,2006,149452
Brazil,BRA,2007,143419
Brazil,BRA,2008,137960
Brazil,BRA,2009,133270
Brazil,BRA,2010,129225
Brazil,BRA,2011,125010
Brazil,BRA,2012,120616
Brazil,BRA,2013,116692
Brazil,BRA,2014,113301
Brazil,BRA,2015,110285
Brazil,BRA,2016,107346
Burkina Faso,BFA,1990,14751.2
Burkina Faso,BFA,1991,20345.4
Burkina Faso,BFA,1992,27302.6
Burkina Faso,BFA,1993,35700.3
Burkina Faso,BFA,1994,45468.2
Burkina Faso,BFA,1995,56037.6
Burkina Faso,BFA,1996,67499.8
Burkina Faso,BFA,1997,79566
Burkina Faso,BFA,1998,91943.8
Burkina Faso,BFA,1999,104284
Burkina Faso,BFA,2000,116228
Burkina Faso,BFA,2001,127408
Burkina Faso,BFA,2002,137486
Burkina Faso,BFA,2003,146256
Burkina Faso,BFA,2004,152940
Burkina Faso,BFA,2005,156776
Burkina Faso,BFA,2006,157267
Burkina Faso,BFA,2007,154478
Burkina Faso,BFA,2008,149569
Burkina Faso,BFA,2009,142619
Burkina Faso,BFA,2010,134254
Burkina Faso,BFA,2011,124766
Burkina Faso,BFA,2012,114058
Burkina Faso,BFA,2013,103708
Burkina Faso,BFA,2014,94438.9
Burkina Faso,BFA,2015,85615.7
Burkina Faso,BFA,2016,76793.7
Burundi,BDI,1990,562.642
Burundi,BDI,1991,978.506
Burundi,BDI,1992,1644.56
Burundi,BDI,1993,2697.18
Burundi,BDI,1994,4294.51
Burundi,BDI,1995,6629.4
Burundi,BDI,1996,9913.34
Burundi,BDI,1997,14355.8
Burundi,BDI,1998,20137.4
Burundi,BDI,1999,27404.9
Burundi,BDI,2000,36256.8
Burundi,BDI,2001,46646.1
Burundi,BDI,2002,58200.4
Burundi,BDI,2003,70469.6
Burundi,BDI,2004,82505.9
Burundi,BDI,2005,93317.9
Burundi,BDI,2006,102354
Burundi,BDI,2007,109984
Burundi,BDI,2008,115965
Burundi,BDI,2009,119577
Burundi,BDI,2010,120928
Burundi,BDI,2011,120117
Burundi,BDI,2012,117252
Burundi,BDI,2013,112635
Burundi,BDI,2014,107747
Burundi,BDI,2015,102198
Burundi,BDI,2016,95419.1
Cambodia,KHM,1990,14.9602
Cambodia,KHM,1991,44.731
Cambodia,KHM,1992,132.277
Cambodia,KHM,1993,383.721
Cambodia,KHM,1994,1009.51
Cambodia,KHM,1995,2352.39
Cambodia,KHM,1996,4903.65
Cambodia,KHM,1997,9203.95
Cambodia,KHM,1998,15654.8
Cambodia,KHM,1999,24349.3
Cambodia,KHM,2000,35020
Cambodia,KHM,2001,47093.7
Cambodia,KHM,2002,59745.6
Cambodia,KHM,2003,71961.9
Cambodia,KHM,2004,82254.5
Cambodia,KHM,2005,89210.2
Cambodia,KHM,2006,92430.6
Cambodia,KHM,2007,91425.8
Cambodia,KHM,2008,87751.8
Cambodia,KHM,2009,83058.7
Cambodia,KHM,2010,77757.6
Cambodia,KHM,2011,72325.8
Cambodia,KHM,2012,66941.6
Cambodia,KHM,2013,61498.9
Cambodia,KHM,2014,55967.8
Cambodia,KHM,2015,49773.2
Cambodia,KHM,2016,44175.4
Cameroon,CMR,1990,2424.66
Cameroon,CMR,1991,3901.25
Cameroon,CMR,1992,6105.94
Cameroon,CMR,1993,9314.01
Cameroon,CMR,1994,13838.6
Cameroon,CMR,1995,20021.2
Cameroon,CMR,1996,28219.6
Cameroon,CMR,1997,38776.7
Cameroon,CMR,1998,51999.4
Cameroon,CMR,1999,68112.4
Cameroon,CMR,2000,87259.4
Cameroon,CMR,2001,108532
Cameroon,CMR,2002,132167
Cameroon,CMR,2003,157967
Cameroon,CMR,2004,185115
Cameroon,CMR,2005,209251
Cameroon,CMR,2006,229410
Cameroon,CMR,2007,249042
Cameroon,CMR,2008,265575
Cameroon,CMR,2009,277662
Cameroon,CMR,2010,286787
Cameroon,CMR,2011,295675
Cameroon,CMR,2012,303462
Cameroon,CMR,2013,310689
Cameroon,CMR,2014,319492
Cameroon,CMR,2015,329368
Cameroon,CMR,2016,335443
Cape Verde,CPV,1990,76.0361
Cape Verde,CPV,1991,106.67
Cape Verde,CPV,1992,147.844
Cape Verde,CPV,1993,201.869
Cape Verde,CPV,1994,270.477
Cape Verde,CPV,1995,355.061
Cape Verde,CPV,1996,456.464
Cape Verde,CPV,1997,574.621
Cape Verde,CPV,1998,708.349
Cape Verde,CPV,1999,855.28
Cape Verde,CPV,2000,1011.74
Cape Verde,CPV,2001,1172.37
Cape Verde,CPV,2002,1331.62
Cape Verde,CPV,2003,1481.87
Cape Verde,CPV,2004,1617.17
Cape Verde,CPV,2005,1733.15
Cape Verde,CPV,2006,1790.99
Cape Verde,CPV,2007,1793.9
Cape Verde,CPV,2008,1762
Cape Verde,CPV,2009,1704.48
Cape Verde,CPV,2010,1642.63
Cape Verde,CPV,2011,1575.62
Cape Verde,CPV,2012,1501.34
Cape Verde,CPV,2013,1415.36
Cape Verde,CPV,2014,1317.77
Cape Verde,CPV,2015,1208.85
Cape Verde,CPV,2016,1100.89
Caribbean,,1990,15355.3
Caribbean,,1991,22401.2
Caribbean,,1992,31385.2
Caribbean,,1993,42350.3
Caribbean,,1994,55211
Caribbean,,1995,69770.4
Caribbean,,1996,85389
Caribbean,,1997,101006
Caribbean,,1998,116808
Caribbean,,1999,132365
Caribbean,,2000,147347
Caribbean,,2001,161398
Caribbean,,2002,173962
Caribbean,,2003,184663
Caribbean,,2004,193378
Caribbean,,2005,199965
Caribbean,,2006,203377
Caribbean,,2007,202851
Caribbean,,2008,198901
Caribbean,,2009,192206
Caribbean,,2010,183536
Caribbean,,2011,174612
Caribbean,,2012,165989
Caribbean,,2013,157072
Caribbean,,2014,147594
Caribbean,,2015,137895
Caribbean,,2016,128250
Central African Republic,CAF,1990,763.02
Central African Republic,CAF,1991,1644.12
Central African Republic,CAF,1992,3205.52
Central African Republic,CAF,1993,5749.86
Central African Republic,CAF,1994,9595.48
Central African Republic,CAF,1995,15025.2
Central African Republic,CAF,1996,22294.8
Central African Republic,CAF,1997,31500.9
Central African Republic,CAF,1998,42548.3
Central African Republic,CAF,1999,55104.8
Central African Republic,CAF,2000,67699.3
Central African Republic,CAF,2001,79780.9
Central African Republic,CAF,2002,91342.8
Central African Republic,CAF,2003,102083
Central African Republic,CAF,2004,111622
Central African Republic,CAF,2005,119766
Central African Republic,CAF,2006,126025
Central African Republic,CAF,2007,130156
Central African Republic,CAF,2008,131868
Central African Republic,CAF,2009,130579
Central African Republic,CAF,2010,127797
Central African Republic,CAF,2011,124659
Central African Republic,CAF,2012,120996
Central African Republic,CAF,2013,117425
Central African Republic,CAF,2014,112977
Central African Republic,CAF,2015,107744
Central African Republic,CAF,2016,101734
Chad,TCD,1990,2550.36
Chad,TCD,1991,3679.59
Chad,TCD,1992,5170.88
Chad,TCD,1993,7094.05
Chad,TCD,1994,9509.81
Chad,TCD,1995,12466.1
Chad,TCD,1996,16001.3
Chad,TCD,1997,20139.4
Chad,TCD,1998,24884.9
Chad,TCD,1999,30224.5
Chad,TCD,2000,36014.7
Chad,TCD,2001,42150
Chad,TCD,2002,48657.5
Chad,TCD,2003,55410.2
Chad,TCD,2004,61807
Chad,TCD,2005,68650.3
Chad,TCD,2006,74840.5
Chad,TCD,2007,78959.7
Chad,TCD,2008,81602.4
Chad,TCD,2009,80929
Chad,TCD,2010,77609
Chad,TCD,2011,74334.7
Chad,TCD,2012,71753.8
Chad,TCD,2013,69815.1
Chad,TCD,2014,68336.4
Chad,TCD,2015,66328.6
Chad,TCD,2016,62992
Chile,CHL,1990,3515.98
Chile,CHL,1991,3894.63
Chile,CHL,1992,4288.36
Chile,CHL,1993,4697.25
Chile,CHL,1994,5119.75
Chile,CHL,1995,5553.84
Chile,CHL,1996,5932.55
Chile,CHL,1997,6247.96
Chile,CHL,1998,6552.88
Chile,CHL,1999,6882.78
Chile,CHL,2000,7076.66
Chile,CHL,2001,7177.84
Chile,CHL,2002,7318.39
Chile,CHL,2003,7351.93
Chile,CHL,2004,7230.84
Chile,CHL,2005,7066.61
Chile,CHL,2006,6839.69
Chile,CHL,2007,6590.7
Chile,CHL,2008,6380.23
Chile,CHL,2009,6245.81
Chile,CHL,2010,6173.06
Chile,CHL,2011,6192.09
Chile,CHL,2012,6320.11
Chile,CHL,2013,6531.5
Chile,CHL,2014,6680.48
Chile,CHL,2015,6747.63
Chile,CHL,2016,6849.21
Colombia,COL,1990,269.838
Colombia,COL,1991,584.2
Colombia,COL,1992,1147.25
Colombia,COL,1993,2070.76
Colombia,COL,1994,3473.61
Colombia,COL,1995,5467.89
Colombia,COL,1996,8136.55
Colombia,COL,1997,11523.6
Colombia,COL,1998,15624.6
Colombia,COL,1999,20393
Colombia,COL,2000,25678.1
Colombia,COL,2001,31285.7
Colombia,COL,2002,36747.8
Colombia,COL,2003,41719.2
Colombia,COL,2004,46220.3
Colombia,COL,2005,50226.7
Colombia,COL,2006,53679.6
Colombia,COL,2007,55568.2
Colombia,COL,2008,55404.2
Colombia,COL,2009,55977.3
Colombia,COL,2010,57113.5
Colombia,COL,2011,57739
Colombia,COL,2012,56540.4
Colombia,COL,2013,54168.9
Colombia,COL,2014,51303.5
Colombia,COL,2015,48096.7
Colombia,COL,2016,44558.6
Congo,COG,1990,2605.32
Congo,COG,1991,4315.45
Congo,COG,1992,6759.2
Congo,COG,1993,10055
Congo,COG,1994,14276.7
Congo,COG,1995,19413.2
Congo,COG,1996,25378.1
Congo,COG,1997,32020.8
Congo,COG,1998,39060.1
Congo,COG,1999,45654.9
Congo,COG,2000,51977.4
Congo,COG,2001,57767.3
Congo,COG,2002,62873.7
Congo,COG,2003,67194.6
Congo,COG,2004,70706.3
Congo,COG,2005,73462.8
Congo,COG,2006,74903
Congo,COG,2007,75331.2
Congo,COG,2008,75146.9
Congo,COG,2009,73138.7
Congo,COG,2010,70353.3
Congo,COG,2011,67400.5
Congo,COG,2012,64132.5
Congo,COG,2013,61134
Congo,COG,2014,59352.9
Congo,COG,2015,58318
Congo,COG,2016,57229.7
Costa Rica,CRI,1990,685.064
Costa Rica,CRI,1991,777.679
Costa Rica,CRI,1992,875.265
Costa Rica,CRI,1993,977.337
Costa Rica,CRI,1994,1083.43
Costa Rica,CRI,1995,1193.11
Costa Rica,CRI,1996,1305.83
Costa Rica,CRI,1997,1420.85
Costa Rica,CRI,1998,1537.35
Costa Rica,CRI,1999,1530.78
Costa Rica,CRI,2000,1523.02
Costa Rica,CRI,2001,1546.62
Costa Rica,CRI,2002,1554
Costa Rica,CRI,2003,1533.74
Costa Rica,CRI,2004,1499.43
Costa Rica,CRI,2005,1456.63
Costa Rica,CRI,2006,1406.2
Costa Rica,CRI,2007,1347.32
Costa Rica,CRI,2008,1297.59
Costa Rica,CRI,2009,1246.95
Costa Rica,CRI,2010,1202.01
Costa Rica,CRI,2011,1156.45
Costa Rica,CRI,2012,1125.34
Costa Rica,CRI,2013,1103.68
Costa Rica,CRI,2014,1097.08
Costa Rica,CRI,2015,1128.89
Costa Rica,CRI,2016,1179.65
Cote d'Ivoire,CIV,1990,23205.3
Cote d'Ivoire,CIV,1991,32913.4
Cote d'Ivoire,CIV,1992,45444.4
Cote d'Ivoire,CIV,1993,61216.7
Cote d'Ivoire,CIV,1994,80391.8
Cote d'Ivoire,CIV,1995,102524
Cote d'Ivoire,CIV,1996,127806
Cote d'Ivoire,CIV,1997,155997
Cote d'Ivoire,CIV,1998,186381
Cote d'Ivoire,CIV,1999,217968
Cote d'Ivoire,CIV,2000,249764
Cote d'Ivoire,CIV,2001,280701
Cote d'Ivoire,CIV,2002,309082
Cote d'Ivoire,CIV,2003,334866
Cote d'Ivoire,CIV,2004,358409
Cote d'Ivoire,CIV,2005,377206
Cote d'Ivoire,CIV,2006,384676
Cote d'Ivoire,CIV,2007,386217
Cote d'Ivoire,CIV,2008,384647
Cote d'Ivoire,CIV,2009,374580
Cote d'Ivoire,CIV,2010,369696
Cote d'Ivoire,CIV,2011,353333
Cote d'Ivoire,CIV,2012,342077
Cote d'Ivoire,CIV,2013,334755
Cote d'Ivoire,CIV,2014,328857
Cote d'Ivoire,CIV,2015,324082
Cote d'Ivoire,CIV,2016,315272
Cuba,CUB,1990,86.5896
Cuba,CUB,1991,100.686
Cuba,CUB,1992,117.351
Cuba,CUB,1993,137.107
Cuba,CUB,1994,160.264
Cuba,CUB,1995,186.914
Cuba,CUB,1996,217.635
Cuba,CUB,1997,252.809
Cuba,CUB,1998,292.397
Cuba,CUB,1999,336.043
Cuba,CUB,2000,383.02
Cuba,CUB,2001,433.855
Cuba,CUB,2002,461.775
Cuba,CUB,2003,465.103
Cuba,CUB,2004,467.248
Cuba,CUB,2005,472.81
Cuba,CUB,2006,483.003
Cuba,CUB,2007,499.402
Cuba,CUB,2008,522.571
Cuba,CUB,2009,553.094
Cuba,CUB,2010,591.114
Cuba,CUB,2011,599.447
Cuba,CUB,2012,608.863
Cuba,CUB,2013,623.039
Cuba,CUB,2014,643.224
Cuba,CUB,2015,661.648
Cuba,CUB,2016,684.497
Democratic Republic of Congo,COD,1990,96317.7
Democratic Republic of Congo,COD,1991,118728
Democratic Republic of Congo,COD,1992,144461
Democratic Republic of Congo,COD,1993,173474
Democratic Republic of Congo,COD,1994,205473
Democratic Republic of Congo,COD,1995,239982
Democratic Republic of Congo,COD,1996,276278
Democratic Republic of Congo,COD,1997,313674
Democratic Republic of Congo,COD,1998,351437
Democratic Republic of Congo,COD,1999,389093
Democratic Republic of Congo,COD,2000,426179
Democratic Republic of Congo,COD,2001,462203
Democratic Republic of Congo,COD,2002,496633
Democratic Republic of Congo,COD,2003,529058
Democratic Republic of Congo,COD,2004,558598
Democratic Republic of Congo,COD,2005,583146
Democratic Republic of Congo,COD,2006,602456
Democratic Republic of Congo,COD,2007,615633
Democratic Republic of Congo,COD,2008,624024
Democratic Republic of Congo,COD,2009,630151
Democratic Republic of Congo,COD,2010,630053
Democratic Republic of Congo,COD,2011,622495
Democratic Republic of Congo,COD,2012,611308
Democratic Republic of Congo,COD,2013,595523
Democratic Republic of Congo,COD,2014,573767
Democratic Republic of Congo,COD,2015,546797
Democratic Republic of Congo,COD,2016,515163
Djibouti,DJI,1990,7.95725
Djibouti,DJI,1991,17.1508
Djibouti,DJI,1992,34.5425
Djibouti,DJI,1993,65.5568
Djibouti,DJI,1994,118.103
Djibouti,DJI,1995,204.011
Djibouti,DJI,1996,335.683
Djibouti,DJI,1997,527.489
Djibouti,DJI,1998,793.753
Djibouti,DJI,1999,1147.3
Djibouti,DJI,2000,1593.03
Djibouti,DJI,2001,2132.32
Djibouti,DJI,2002,2765.64
Djibouti,DJI,2003,3476.8
Djibouti,DJI,2004,4158.77
Djibouti,DJI,2005,4810.66
Djibouti,DJI,2006,5438.27
Djibouti,DJI,2007,5975.9
Djibouti,DJI,2008,6380.72
Djibouti,DJI,2009,6669.6
Djibouti,DJI,2010,6853.26
Djibouti,DJI,2011,6980.78
Djibouti,DJI,2012,7052.35
Djibouti,DJI,2013,7037.32
Djibouti,DJI,2014,6944.8
Djibouti,DJI,2015,6783.36
Djibouti,DJI,2016,6527.63
Dominican Republic,DOM,1990,472.484
Dominican Republic,DOM,1991,858.584
Dominican Republic,DOM,1992,1480.89
Dominican Republic,DOM,1993,2426.77
Dominican Republic,DOM,1994,3792.91
Dominican Republic,DOM,1995,5674.57
Dominican Republic,DOM,1996,8151.24
Dominican Republic,DOM,1997,11271
Dominican Republic,DOM,1998,15039.7
Dominican Republic,DOM,1999,19417.3
Dominican Republic,DOM,2000,24326.3
Dominican Republic,DOM,2001,29635.1
Dominican Republic,DOM,2002,34966.8
Dominican Republic,DOM,2003,40109.6
Dominican Republic,DOM,2004,45079.3
Dominican Republic,DOM,2005,49641.5
Dominican Republic,DOM,2006,53196.7
Dominican Republic,DOM,2007,55536.6
Dominican Republic,DOM,2008,56592
Dominican Republic,DOM,2009,56476.7
Dominican Republic,DOM,2010,55535.6
Dominican Republic,DOM,2011,54041.2
Dominican Republic,DOM,2012,52075
Dominican Republic,DOM,2013,49683.3
Dominican Republic,DOM,2014,46979.7
Dominican Republic,DOM,2015,43889.9
Dominican Republic,DOM,2016,40326.1
East and Southern Africa,,1990,755563
East and Southern Africa,,1991,1020000
East and Southern Africa,,1992,1340000
East and Southern Africa,,1993,1730000
East and Southern Africa,,1994,2190000
East and Southern Africa,,1995,2720000
East and Southern Africa,,1996,3310000
East and Southern Africa,,1997,3970000
East and Southern Africa,,1998,4690000
East and Southern Africa,,1999,5470000
East and Southern Africa,,2000,6300000
East and Southern Africa,,2001,7150000
East and Southern Africa,,2002,8020000
East and Southern Africa,,2003,8870000
East and Southern Africa,,2004,9680000
East and Southern Africa,,2005,10400000
East and Southern Africa,,2006,11000000
East and Southern Africa,,2007,11400000
East and Southern Africa,,2008,11600000
East and Southern Africa,,2009,11600000
East and Southern Africa,,2010,11400000
East and Southern Africa,,2011,11100000
East and Southern Africa,,2012,10800000
East and Southern Africa,,2013,10300000
East and Southern Africa,,2014,9840000
East and Southern Africa,,2015,9290000
East and Southern Africa,,2016,8710000
Ecuador,ECU,1990,553.167
Ecuador,ECU,1991,755.035
Ecuador,ECU,1992,1028.92
Ecuador,ECU,1993,1391.25
Ecuador,ECU,1994,1858
Ecuador,ECU,1995,2443.37
Ecuador,ECU,1996,3155.72
Ecuador,ECU,1997,3995.92
Ecuador,ECU,1998,4957.22
Ecuador,ECU,1999,6023.89
Ecuador,ECU,2000,7168.09
Ecuador,ECU,2001,8359.19
Ecuador,ECU,2002,9561.35
Ecuador,ECU,2003,10739.9
Ecuador,ECU,2004,11861.3
Ecuador,ECU,2005,12808.6
Ecuador,ECU,2006,13515.1
Ecuador,ECU,2007,13977.9
Ecuador,ECU,2008,14218.8
Ecuador,ECU,2009,14128.3
Ecuador,ECU,2010,13738.2
Ecuador,ECU,2011,13226.3
Ecuador,ECU,2012,12561.7
Ecuador,ECU,2013,11874.4
Ecuador,ECU,2014,11323.8
Ecuador,ECU,2015,10880
Ecuador,ECU,2016,10313.5
Egypt,EGY,1990,255.153
Egypt,EGY,1991,295.3
Egypt,EGY,1992,338.587
Egypt,EGY,1993,384.964
Egypt,EGY,1994,434.448
Egypt,EGY,1995,487.042
Egypt,EGY,1996,542.657
Egypt,EGY,1997,601.094
Egypt,EGY,1998,662.09
Egypt,EGY,1999,725.416
Egypt,EGY,2000,790.909
Egypt,EGY,2001,858.216
Egypt,EGY,2002,928.174
Egypt,EGY,2003,1001.97
Egypt,EGY,2004,1079.73
Egypt,EGY,2005,1162.34
Egypt,EGY,2006,1252.03
Egypt,EGY,2007,1308.21
Egypt,EGY,2008,1352.28
Egypt,EGY,2009,1418.28
Egypt,EGY,2010,1497.33
Egypt,EGY,2011,1593.13
Egypt,EGY,2012,1690.31
Egypt,EGY,2013,1790.44
Egypt,EGY,2014,1906.9
Egypt,EGY,2015,2033.57
Egypt,EGY,2016,2185.57
El Salvador,SLV,1990,1662.75
El Salvador,SLV,1991,2034.62
El Salvador,SLV,1992,2468.11
El Salvador,SLV,1993,2967.71
El Salvador,SLV,1994,3535.42
El Salvador,SLV,1995,4170.11
El Salvador,SLV,1996,4868.99
El Salvador,SLV,1997,5627.07
El Salvador,SLV,1998,6436.5
El Salvador,SLV,1999,7285.57
El Salvador,SLV,2000,8160.84
El Salvador,SLV,2001,9044.85
El Salvador,SLV,2002,9900.42
El Salvador,SLV,2003,10664.6
El Salvador,SLV,2004,11284
El Salvador,SLV,2005,11653.4
El Salvador,SLV,2006,11705.3
El Salvador,SLV,2007,11578.4
El Salvador,SLV,2008,11317.9
El Salvador,SLV,2009,10942.3
El Salvador,SLV,2010,10434.5
El Salvador,SLV,2011,9807.02
El Salvador,SLV,2012,9155.23
El Salvador,SLV,2013,8575.52
El Salvador,SLV,2014,8113.14
El Salvador,SLV,2015,7705.85
El Salvador,SLV,2016,7369.04
Equatorial Guinea,GNQ,1990,621.524
Equatorial Guinea,GNQ,1991,844.029
Equatorial Guinea,GNQ,1992,1114.1
Equatorial Guinea,GNQ,1993,1435.54
Equatorial Guinea,GNQ,1994,1807.18
Equatorial Guinea,GNQ,1995,2214.84
Equatorial Guinea,GNQ,1996,2621.42
Equatorial Guinea,GNQ,1997,3041.27
Equatorial Guinea,GNQ,1998,3474.88
Equatorial Guinea,GNQ,1999,3918.17
Equatorial Guinea,GNQ,2000,4381.79
Equatorial Guinea,GNQ,2001,4868.89
Equatorial Guinea,GNQ,2002,5388.29
Equatorial Guinea,GNQ,2003,5938.78
Equatorial Guinea,GNQ,2004,6530.29
Equatorial Guinea,GNQ,2005,7142.78
Equatorial Guinea,GNQ,2006,7718.26
Equatorial Guinea,GNQ,2007,8276.07
Equatorial Guinea,GNQ,2008,8757.72
Equatorial Guinea,GNQ,2009,9199.81
Equatorial Guinea,GNQ,2010,9531.16
Equatorial Guinea,GNQ,2011,9710
Equatorial Guinea,GNQ,2012,10155
Equatorial Guinea,GNQ,2013,10563.7
Equatorial Guinea,GNQ,2014,10662.3
Equatorial Guinea,GNQ,2015,10571.7
Equatorial Guinea,GNQ,2016,10564.1
Eritrea,ERI,1990,44.5774
Eritrea,ERI,1991,85.8303
Eritrea,ERI,1992,156.072
Eritrea,ERI,1993,270.992
Eritrea,ERI,1994,449.448
Eritrea,ERI,1995,720.762
Eritrea,ERI,1996,1116.09
Eritrea,ERI,1997,1671.77
Eritrea,ERI,1998,2425.5
Eritrea,ERI,1999,3414.53
Eritrea,ERI,2000,4670.82
Eritrea,ERI,2001,6207.27
Eritrea,ERI,2002,8011.62
Eritrea,ERI,2003,10004.4
Eritrea,ERI,2004,11934.2
Eritrea,ERI,2005,13769.1
Eritrea,ERI,2006,15289.1
Eritrea,ERI,2007,16289.5
Eritrea,ERI,2008,16804.5
Eritrea,ERI,2009,16886.7
Eritrea,ERI,2010,16707.2
Eritrea,ERI,2011,16399.3
Eritrea,ERI,2012,15908.9
Eritrea,ERI,2013,15230.8
Eritrea,ERI,2014,14374.9
Eritrea,ERI,2015,13402.6
Eritrea,ERI,2016,12328
Eswatini,SWZ,1990,82.8116
Eswatini,SWZ,1991,223.213
Eswatini,SWZ,1992,542.021
Eswatini,SWZ,1993,1192.38
Eswatini,SWZ,1994,2394.1
Eswatini,SWZ,1995,4423.58
Eswatini,SWZ,1996,7592.07
Eswatini,SWZ,1997,12202.7
Eswatini,SWZ,1998,18488.9
Eswatini,SWZ,1999,26566.7
Eswatini,SWZ,2000,36376.1
Eswatini,SWZ,2001,47473.3
Eswatini,SWZ,2002,58395
Eswatini,SWZ,2003,69061.9
Eswatini,SWZ,2004,78924.1
Eswatini,SWZ,2005,87494.5
Eswatini,SWZ,2006,93811.1
Eswatini,SWZ,2007,97010.4
Eswatini,SWZ,2008,97784.6
Eswatini,SWZ,2009,97067.2
Eswatini,SWZ,2010,95213.6
Eswatini,SWZ,2011,92550.9
Eswatini,SWZ,2012,89003
Eswatini,SWZ,2013,84854
Eswatini,SWZ,2014,80295.8
Eswatini,SWZ,2015,75521.3
Eswatini,SWZ,2016,70698.4
Ethiopia,ETH,1990,23057.5
Ethiopia,ETH,1991,35302.9
Ethiopia,ETH,1992,52611.8
Ethiopia,ETH,1993,76422.7
Ethiopia,ETH,1994,108134
Ethiopia,ETH,1995,148883
Ethiopia,ETH,1996,199483
Ethiopia,ETH,1997,259991
Ethiopia,ETH,1998,329637
Ethiopia,ETH,1999,406449
Ethiopia,ETH,2000,487270
Ethiopia,ETH,2001,571044
Ethiopia,ETH,2002,654722
Ethiopia,ETH,2003,735066
Ethiopia,ETH,2004,809064
Ethiopia,ETH,2005,872395
Ethiopia,ETH,2006,919394
Ethiopia,ETH,2007,943726
Ethiopia,ETH,2008,941211
Ethiopia,ETH,2009,916075
Ethiopia,ETH,2010,874451
Ethiopia,ETH,2011,819507
Ethiopia,ETH,2012,755258
Ethiopia,ETH,2013,688112
Ethiopia,ETH,2014,623480
Ethiopia,ETH,2015,560439
Ethiopia,ETH,2016,499599
France,FRA,1990,6401.64
France,FRA,1991,8863.63
France,FRA,1992,11645.7
France,FRA,1993,14642.4
France,FRA,1994,17746.4
France,FRA,1995,21060.1
France,FRA,1996,24260
France,FRA,1997,25171.9
France,FRA,1998,25446
France,FRA,1999,24884.9
France,FRA,2000,23693.3
France,FRA,2001,22252.9
France,FRA,2002,20633.2
France,FRA,2003,19005.8
France,FRA,2004,17380.9
France,FRA,2005,15763.2
France,FRA,2006,14127.7
France,FRA,2007,12618.3
France,FRA,2008,11161.9
France,FRA,2009,9821.11
France,FRA,2010,8653.8
France,FRA,2011,7668.62
France,FRA,2012,6876.72
France,FRA,2013,6285.27
France,FRA,2014,5874.14
France,FRA,2015,5606.96
France,FRA,2016,5435.68
Gabon,GAB,1990,483.361
Gabon,GAB,1991,685.967
Gabon,GAB,1992,966.114
Gabon,GAB,1993,1351.23
Gabon,GAB,1994,1873.81
Gabon,GAB,1995,2569.41
Gabon,GAB,1996,3476.52
Gabon,GAB,1997,4632.52
Gabon,GAB,1998,6067.81
Gabon,GAB,1999,7776.45
Gabon,GAB,2000,9742.24
Gabon,GAB,2001,11963.7
Gabon,GAB,2002,14376.6
Gabon,GAB,2003,16863.8
Gabon,GAB,2004,19366.2
Gabon,GAB,2005,21589
Gabon,GAB,2006,23088
Gabon,GAB,2007,24203.6
Gabon,GAB,2008,25311.8
Gabon,GAB,2009,26394.4
Gabon,GAB,2010,27204.8
Gabon,GAB,2011,27761.8
Gabon,GAB,2012,28075.1
Gabon,GAB,2013,27744
Gabon,GAB,2014,26850.4
Gabon,GAB,2015,25699.6
Gabon,GAB,2016,24324.4
Gambia,GMB,1990,59.6281
Gambia,GMB,1991,81.9986
Gambia,GMB,1992,112.702
Gambia,GMB,1993,155.685
Gambia,GMB,1994,216
Gambia,GMB,1995,300.664
Gambia,GMB,1996,419.209
Gambia,GMB,1997,586.449
Gambia,GMB,1998,816.293
Gambia,GMB,1999,1127.31
Gambia,GMB,2000,1539.83
Gambia,GMB,2001,2075.27
Gambia,GMB,2002,2750.98
Gambia,GMB,2003,3579.42
Gambia,GMB,2004,4566.34
Gambia,GMB,2005,5707.96
Gambia,GMB,2006,6888.51
Gambia,GMB,2007,8108.33
Gambia,GMB,2008,9369.86
Gambia,GMB,2009,10629.8
Gambia,GMB,2010,11883
Gambia,GMB,2011,12936
Gambia,GMB,2012,13663.3
Gambia,GMB,2013,14207.8
Gambia,GMB,2014,14779.9
Gambia,GMB,2015,15354.8
Gambia,GMB,2016,15877.3
Georgia,GEO,1990,0.35715
Georgia,GEO,1991,2.87553
Georgia,GEO,1992,8.09567
Georgia,GEO,1993,17.516
Georgia,GEO,1994,32.938
Georgia,GEO,1995,55.6671
Georgia,GEO,1996,85.9401
Georgia,GEO,1997,123.047
Georgia,GEO,1998,165.889
Georgia,GEO,1999,213.28
Georgia,GEO,2000,264.003
Georgia,GEO,2001,316.373
Georgia,GEO,2002,369.575
Georgia,GEO,2003,430.677
Georgia,GEO,2004,500.276
Georgia,GEO,2005,562.717
Georgia,GEO,2006,612.647
Georgia,GEO,2007,653.861
Georgia,GEO,2008,696.809
Georgia,GEO,2009,743.017
Georgia,GEO,2010,790.913
Georgia,GEO,2011,844.687
Georgia,GEO,2012,896.22
Georgia,GEO,2013,941.118
Georgia,GEO,2014,993.847
Georgia,GEO,2015,1060.07
Georgia,GEO,2016,1138.81
Ghana,GHA,1990,4874.68
Ghana,GHA,1991,8494.46
Ghana,GHA,1992,14096
Ghana,GHA,1993,22341.2
Ghana,GHA,1994,33874
Ghana,GHA,1995,49281.8
Ghana,GHA,1996,68919.2
Ghana,GHA,1997,92853.1
Ghana,GHA,1998,120817
Ghana,GHA,1999,152145
Ghana,GHA,2000,185844
Ghana,GHA,2001,219674
Ghana,GHA,2002,251592
Ghana,GHA,2003,281567
Ghana,GHA,2004,308651
Ghana,GHA,2005,331480
Ghana,GHA,2006,349276
Ghana,GHA,2007,361768
Ghana,GHA,2008,368269
Ghana,GHA,2009,368490
Ghana,GHA,2010,362989
Ghana,GHA,2011,352792
Ghana,GHA,2012,338012
Ghana,GHA,2013,320479
Ghana,GHA,2014,302747
Ghana,GHA,2015,284995
Ghana,GHA,2016,266875
Guatemala,GTM,1990,9.96371
Guatemala,GTM,1991,20.0537
Guatemala,GTM,1992,37.824
Guatemala,GTM,1993,67.6817
Guatemala,GTM,1994,115.966
Guatemala,GTM,1995,190.442
Guatemala,GTM,1996,301.635
Guatemala,GTM,1997,463.583
Guatemala,GTM,1998,694.381
Guatemala,GTM,1999,1017.02
Guatemala,GTM,2000,1459.19
Guatemala,GTM,2001,2052.06
Guatemala,GTM,2002,2816.35
Guatemala,GTM,2003,3776.28
Guatemala,GTM,2004,4288.71
Guatemala,GTM,2005,40447.3
Guatemala,GTM,2006,6134.29
Guatemala,GTM,2007,6264.4
Guatemala,GTM,2008,6848.75
Guatemala,GTM,2009,7384.91
Guatemala,GTM,2010,7898.39
Guatemala,GTM,2011,8006.4
Guatemala,GTM,2012,8064.18
Guatemala,GTM,2013,8350.77
Guatemala,GTM,2014,9017.51
Guatemala,GTM,2015,9998.49
Guatemala,GTM,2016,11262.9
Guinea,GIN,1990,2142.22
Guinea,GIN,1991,3178.68
Guinea,GIN,1992,4635.87
Guinea,GIN,1993,6617.2
Guinea,GIN,1994,9196.56
Guinea,GIN,1995,12397.6
Guinea,GIN,1996,16226.1
Guinea,GIN,1997,20652.4
Guinea,GIN,1998,25610.2
Guinea,GIN,1999,30984.9
Guinea,GIN,2000,36567.2
Guinea,GIN,2001,42088.3
Guinea,GIN,2002,47503.7
Guinea,GIN,2003,52705.2
Guinea,GIN,2004,57618.5
Guinea,GIN,2005,62237.7
Guinea,GIN,2006,66246.1
Guinea,GIN,2007,68933.9
Guinea,GIN,2008,70853.7
Guinea,GIN,2009,71915.9
Guinea,GIN,2010,71261.7
Guinea,GIN,2011,69923.2
Guinea,GIN,2012,68446.9
Guinea,GIN,2013,66552.9
Guinea,GIN,2014,65412.3
Guinea,GIN,2015,64906
Guinea,GIN,2016,64738.7
Guinea-Bissau,GNB,1990,81.1151
Guinea-Bissau,GNB,1991,119.162
Guinea-Bissau,GNB,1992,173.516
Guinea-Bissau,GNB,1993,251.296
Guinea-Bissau,GNB,1994,361.676
Guinea-Bissau,GNB,1995,518.945
Guinea-Bissau,GNB,1996,739.306
Guinea-Bissau,GNB,1997,1042.58
Guinea-Bissau,GNB,1998,1454.2
Guinea-Bissau,GNB,1999,2004.15
Guinea-Bissau,GNB,2000,2726.21
Guinea-Bissau,GNB,2001,3653.73
Guinea-Bissau,GNB,2002,4817.95
Guinea-Bissau,GNB,2003,6243.67
Guinea-Bissau,GNB,2004,7943.77
Guinea-Bissau,GNB,2005,9918.54
Guinea-Bissau,GNB,2006,12078.6
Guinea-Bissau,GNB,2007,14302.6
Guinea-Bissau,GNB,2008,16435.6
Guinea-Bissau,GNB,2009,18253
Guinea-Bissau,GNB,2010,19909.8
Guinea-Bissau,GNB,2011,21441.8
Guinea-Bissau,GNB,2012,22706.7
Guinea-Bissau,GNB,2013,23482.7
Guinea-Bissau,GNB,2014,24236.9
Guinea-Bissau,GNB,2015,24946.9
Guinea-Bissau,GNB,2016,25330.7
Guyana,GUY,1990,36.6548
Guyana,GUY,1991,47.344
Guyana,GUY,1992,60.7686
Guyana,GUY,1993,77.5344
Guyana,GUY,1994,98.4417
Guyana,GUY,1995,124.535
Guyana,GUY,1996,157.402
Guyana,GUY,1997,199.083
Guyana,GUY,1998,252.143
Guyana,GUY,1999,319.786
Guyana,GUY,2000,406.117
Guyana,GUY,2001,513.056
Guyana,GUY,2002,643.268
Guyana,GUY,2003,796.369
Guyana,GUY,2004,952.558
Guyana,GUY,2005,1068.92
Guyana,GUY,2006,1120.43
Guyana,GUY,2007,1126.66
Guyana,GUY,2008,1119.65
Guyana,GUY,2009,1099.01
Guyana,GUY,2010,1082.7
Guyana,GUY,2011,1064.99
Guyana,GUY,2012,1053.44
Guyana,GUY,2013,1036.87
Guyana,GUY,2014,1021.22
Guyana,GUY,2015,1003.79
Guyana,GUY,2016,989.297
Haiti,HTI,1990,14456
Haiti,HTI,1991,20870.4
Haiti,HTI,1992,28859.6
Haiti,HTI,1993,38340.4
Haiti,HTI,1994,49090.9
Haiti,HTI,1995,60789
Haiti,HTI,1996,72692.5
Haiti,HTI,1997,83684.2
Haiti,HTI,1998,93955
Haiti,HTI,1999,103135
Haiti,HTI,2000,111020
Haiti,HTI,2001,117468
Haiti,HTI,2002,122405
Haiti,HTI,2003,125763
Haiti,HTI,2004,127596
Haiti,HTI,2005,128001
Haiti,HTI,2006,126748
Haiti,HTI,2007,123226
Haiti,HTI,2008,117801
Haiti,HTI,2009,111076
Haiti,HTI,2010,103513
Haiti,HTI,2011,96457.3
Haiti,HTI,2012,90184.5
Haiti,HTI,2013,84133.1
Haiti,HTI,2014,77954.3
Haiti,HTI,2015,71939.1
Haiti,HTI,2016,66453
Honduras,HND,1990,1958.84
Honduras,HND,1991,2782.38
Honduras,HND,1992,3849.18
Honduras,HND,1993,5192.19
Honduras,HND,1994,6845.16
Honduras,HND,1995,8816.76
Honduras,HND,1996,11099.8
Honduras,HND,1997,13664.5
Honduras,HND,1998,16460.8
Honduras,HND,1999,19416.5
Honduras,HND,2000,22445.3
Honduras,HND,2001,25446.8
Honduras,HND,2002,28315.4
Honduras,HND,2003,30884.5
Honduras,HND,2004,32522.4
Honduras,HND,2005,33505.6
Honduras,HND,2006,33938.9
Honduras,HND,2007,33760
Honduras,HND,2008,33123.2
Honduras,HND,2009,32125.1
Honduras,HND,2010,30767.7
Honduras,HND,2011,29330.6
Honduras,HND,2012,27672.5
Honduras,HND,2013,25830.3
Honduras,HND,2014,23846.3
Honduras,HND,2015,21881.6
Honduras,HND,2016,19890
Indonesia,IDN,1990,1.53189
Indonesia,IDN,1991,4.05421
Indonesia,IDN,1992,9.81787
Indonesia,IDN,1993,22.3473
Indonesia,IDN,1994,48.7176
Indonesia,IDN,1995,102.149
Indonesia,IDN,1996,206.235
Indonesia,IDN,1997,400.899
Indonesia,IDN,1998,744.906
Indonesia,IDN,1999,1321.72
Indonesia,IDN,2000,2240.31
Indonesia,IDN,2001,3642.53
Indonesia,IDN,2002,5698.94
Indonesia,IDN,2003,8625.52
Indonesia,IDN,2004,12696.6
Indonesia,IDN,2005,18200.4
Indonesia,IDN,2006,25365.2
Indonesia,IDN,2007,33915.8
Indonesia,IDN,2008,44109.7
Indonesia,IDN,2009,56479.1
Indonesia,IDN,2010,70915.2
Indonesia,IDN,2011,87801.5
Indonesia,IDN,2012,107100
Indonesia,IDN,2013,128257
Indonesia,IDN,2014,151000
Indonesia,IDN,2015,174180
Indonesia,IDN,2016,196878
Iran,IRN,1990,453.121
Iran,IRN,1991,626.599
Iran,IRN,1992,829.691
Iran,IRN,1993,1059.79
Iran,IRN,1994,1313.34
Iran,IRN,1995,1588.5
Iran,IRN,1996,1883.43
Iran,IRN,1997,2197.68
Iran,IRN,1998,2537.83
Iran,IRN,1999,2918.5
Iran,IRN,2000,3367.29
Iran,IRN,2001,3916.27
Iran,IRN,2002,4598.25
Iran,IRN,2003,5439.35
Iran,IRN,2004,6454.05
Iran,IRN,2005,7623.15
Iran,IRN,2006,8933.94
Iran,IRN,2007,10386.7
Iran,IRN,2008,11949.9
Iran,IRN,2009,13589.9
Iran,IRN,2010,15262.9
Iran,IRN,2011,16952.8
Iran,IRN,2012,18609.8
Iran,IRN,2013,20195.3
Iran,IRN,2014,21657.2
Iran,IRN,2015,22977.8
Iran,IRN,2016,24109.3
Ireland,IRL,1990,168.356
Ireland,IRL,1991,203.17
Ireland,IRL,1992,242.896
Ireland,IRL,1993,288.025
Ireland,IRL,1994,338.439
Ireland,IRL,1995,393.942
Ireland,IRL,1996,454.208
Ireland,IRL,1997,492.067
Ireland,IRL,1998,514.644
Ireland,IRL,1999,538.536
Ireland,IRL,2000,566.403
Ireland,IRL,2001,599.77
Ireland,IRL,2002,636.11
Ireland,IRL,2003,675.737
Ireland,IRL,2004,719.853
Ireland,IRL,2005,765.024
Ireland,IRL,2006,810.546
Ireland,IRL,2007,852.08
Ireland,IRL,2008,894.67
Ireland,IRL,2009,943.495
Ireland,IRL,2010,990.663
Ireland,IRL,2011,1011.85
Ireland,IRL,2012,1018.56
Ireland,IRL,2013,1001.47
Ireland,IRL,2014,970.025
Ireland,IRL,2015,927.897
Ireland,IRL,2016,881.807
Italy,ITA,1990,760.873
Italy,ITA,1991,1210.86
Italy,ITA,1992,1831.2
Italy,ITA,1993,2648.46
Italy,ITA,1994,3687.93
Italy,ITA,1995,4958.93
Italy,ITA,1996,6470.82
Italy,ITA,1997,8081.01
Italy,ITA,1998,9580.65
Italy,ITA,1999,10663.5
Italy,ITA,2000,11426.7
Italy,ITA,2001,12011
Italy,ITA,2002,12494.4
Italy,ITA,2003,12912
Italy,ITA,2004,13270.9
Italy,ITA,2005,13563.7
Italy,ITA,2006,13769.6
Italy,ITA,2007,13868.5
Italy,ITA,2008,13842.1
Italy,ITA,2009,13680.7
Italy,ITA,2010,13587.3
Italy,ITA,2011,13448.6
Italy,ITA,2012,13177.9
Italy,ITA,2013,12748.9
Italy,ITA,2014,12284
Italy,ITA,2015,11780.7
Italy,ITA,2016,11081.6
Jamaica,JAM,1990,201.37
Jamaica,JAM,1991,365.071
Jamaica,JAM,1992,623.567
Jamaica,JAM,1993,1005.93
Jamaica,JAM,1994,1540.82
Jamaica,JAM,1995,2248.2
Jamaica,JAM,1996,3139.94
Jamaica,JAM,1997,4214.47
Jamaica,JAM,1998,5454.27
Jamaica,JAM,1999,6837.82
Jamaica,JAM,2000,8318.88
Jamaica,JAM,2001,9837.53
Jamaica,JAM,2002,11319.3
Jamaica,JAM,2003,12693.6
Jamaica,JAM,2004,13962.6
Jamaica,JAM,2005,15096.5
Jamaica,JAM,2006,15830.6
Jamaica,JAM,2007,16217.4
Jamaica,JAM,2008,16431.5
Jamaica,JAM,2009,16398.4
Jamaica,JAM,2010,16090.8
Jamaica,JAM,2011,15660.8
Jamaica,JAM,2012,15179.8
Jamaica,JAM,2013,14607.4
Jamaica,JAM,2014,13896.8
Jamaica,JAM,2015,13272.3
Jamaica,JAM,2016,12668.8
Kazakhstan,KAZ,1990,15.6422
Kazakhstan,KAZ,1991,29.9842
Kazakhstan,KAZ,1992,51.2674
Kazakhstan,KAZ,1993,79.8702
Kazakhstan,KAZ,1994,115.806
Kazakhstan,KAZ,1995,159.228
Kazakhstan,KAZ,1996,210.711
Kazakhstan,KAZ,1997,271.521
Kazakhstan,KAZ,1998,343.774
Kazakhstan,KAZ,1999,430.495
Kazakhstan,KAZ,2000,535.495
Kazakhstan,KAZ,2001,662.403
Kazakhstan,KAZ,2002,812.858
Kazakhstan,KAZ,2003,989.827
Kazakhstan,KAZ,2004,1195.41
Kazakhstan,KAZ,2005,1429.52
Kazakhstan,KAZ,2006,1671.19
Kazakhstan,KAZ,2007,1929.6
Kazakhstan,KAZ,2008,2226.45
Kazakhstan,KAZ,2009,2558.62
Kazakhstan,KAZ,2010,2878.46
Kazakhstan,KAZ,2011,3217.58
Kazakhstan,KAZ,2012,3595.65
Kazakhstan,KAZ,2013,3969.79
Kazakhstan,KAZ,2014,4396.56
Kazakhstan,KAZ,2015,4816.78
Kazakhstan,KAZ,2016,5246.2
Kenya,KEN,1990,64436.3
Kenya,KEN,1991,95830
Kenya,KEN,1992,138357
Kenya,KEN,1993,194089
Kenya,KEN,1994,264144
Kenya,KEN,1995,348339
Kenya,KEN,1996,445311
Kenya,KEN,1997,554474
Kenya,KEN,1998,672656
Kenya,KEN,1999,795940
Kenya,KEN,2000,920816
Kenya,KEN,2001,1040000
Kenya,KEN,2002,1160000
Kenya,KEN,2003,1260000
Kenya,KEN,2004,1350000
Kenya,KEN,2005,1420000
Kenya,KEN,2006,1460000
Kenya,KEN,2007,1460000
Kenya,KEN,2008,1430000
Kenya,KEN,2009,1390000
Kenya,KEN,2010,1330000
Kenya,KEN,2011,1250000
Kenya,KEN,2012,1160000
Kenya,KEN,2013,1080000
Kenya,KEN,2014,1000000
Kenya,KEN,2015,923519
Kenya,KEN,2016,842653
Kyrgyzstan,KGZ,1990,0.061
Kyrgyzstan,KGZ,1991,0.17965
Kyrgyzstan,KGZ,1992,0.46805
Kyrgyzstan,KGZ,1993,1.12452
Kyrgyzstan,KGZ,1994,2.53227
Kyrgyzstan,KGZ,1995,5.37634
Kyrgyzstan,KGZ,1996,10.7509
Kyrgyzstan,KGZ,1997,20.263
Kyrgyzstan,KGZ,1998,36.026
Kyrgyzstan,KGZ,1999,60.405
Kyrgyzstan,KGZ,2000,95.7407
Kyrgyzstan,KGZ,2001,144.057
Kyrgyzstan,KGZ,2002,206.382
Kyrgyzstan,KGZ,2003,282.858
Kyrgyzstan,KGZ,2004,374.742
Kyrgyzstan,KGZ,2005,481.468
Kyrgyzstan,KGZ,2006,600.97
Kyrgyzstan,KGZ,2007,724.073
Kyrgyzstan,KGZ,2008,846.346
Kyrgyzstan,KGZ,2009,973.865
Kyrgyzstan,KGZ,2010,1109.87
Kyrgyzstan,KGZ,2011,1248.75
Kyrgyzstan,KGZ,2012,1389.02
Kyrgyzstan,KGZ,2013,1546.54
Kyrgyzstan,KGZ,2014,1730.99
Kyrgyzstan,KGZ,2015,1890.21
Kyrgyzstan,KGZ,2016,2017.13
Laos,LAO,1990,0.57172
Laos,LAO,1991,0.99473
Laos,LAO,1992,1.65959
Laos,LAO,1993,2.70693
Laos,LAO,1994,4.40656
Laos,LAO,1995,7.20052
Laos,LAO,1996,11.6801
Laos,LAO,1997,18.765
Laos,LAO,1998,29.8993
Laos,LAO,1999,47.3009
Laos,LAO,2000,74.2837
Laos,LAO,2001,115.713
Laos,LAO,2002,177.875
Laos,LAO,2003,265.641
Laos,LAO,2004,385.688
Laos,LAO,2005,524.918
Laos,LAO,2006,680.846
Laos,LAO,2007,858.979
Laos,LAO,2008,1053.04
Laos,LAO,2009,1252.65
Laos,LAO,2010,1453.73
Laos,LAO,2011,1703.41
Laos,LAO,2012,1997.4
Laos,LAO,2013,2302.14
Laos,LAO,2014,2591.89
Laos,LAO,2015,2842.44
Laos,LAO,2016,3039.37
Latin America,,1990,86409.1
Latin America,,1991,111552
Latin America,,1992,140519
Latin America,,1993,173086
Latin America,,1994,208912
Latin America,,1995,247179
Latin America,,1996,286828
Latin America,,1997,327239
Latin America,,1998,355691
Latin America,,1999,383219
Latin America,,2000,408347
Latin America,,2001,429877
Latin America,,2002,448665
Latin America,,2003,463882
Latin America,,2004,473748
Latin America,,2005,515115
Latin America,,2006,482629
Latin America,,2007,478200
Latin America,,2008,469773
Latin America,,2009,461132
Latin America,,2010,451715
Latin America,,2011,440367
Latin America,,2012,426628
Latin America,,2013,412022
Latin America,,2014,397657
Latin America,,2015,384602
Latin America,,2016,370852
Latvia,LVA,1990,9.12845
Latvia,LVA,1991,17.3632
Latvia,LVA,1992,32.2471
Latvia,LVA,1993,57.5708
Latvia,LVA,1994,97.3605
Latvia,LVA,1995,157.314
Latvia,LVA,1996,241.5
Latvia,LVA,1997,351.746
Latvia,LVA,1998,487.276
Latvia,LVA,1999,644.061
Latvia,LVA,2000,815.256
Latvia,LVA,2001,987.066
Latvia,LVA,2002,1149.92
Latvia,LVA,2003,1297.3
Latvia,LVA,2004,1420.09
Latvia,LVA,2005,1517.67
Latvia,LVA,2006,1595.12
Latvia,LVA,2007,1650.47
Latvia,LVA,2008,1680.41
Latvia,LVA,2009,1697.77
Latvia,LVA,2010,1708
Latvia,LVA,2011,1718.37
Latvia,LVA,2012,1736.37
Latvia,LVA,2013,1758.91
Latvia,LVA,2014,1784.77
Latvia,LVA,2015,1809.84
Latvia,LVA,2016,1830.96
Liberia,LBR,1990,1715.81
Liberia,LBR,1991,2476.13
Liberia,LBR,1992,3469.2
Liberia,LBR,1993,4763.57
Liberia,LBR,1994,6446.4
Liberia,LBR,1995,8625.08
Liberia,LBR,1996,11406.7
Liberia,LBR,1997,14850.8
Liberia,LBR,1998,18754.4
Liberia,LBR,1999,22995.5
Liberia,LBR,2000,27254.7
Liberia,LBR,2001,31529.6
Liberia,LBR,2002,35583.9
Liberia,LBR,2003,39496.3
Liberia,LBR,2004,43142.8
Liberia,LBR,2005,46584.8
Liberia,LBR,2006,49724.6
Liberia,LBR,2007,52238.2
Liberia,LBR,2008,54054.2
Liberia,LBR,2009,55231.8
Liberia,LBR,2010,55629.5
Liberia,LBR,2011,55207.3
Liberia,LBR,2012,53991.1
Liberia,LBR,2013,52272.4
Liberia,LBR,2014,50325.1
Liberia,LBR,2015,48300.7
Liberia,LBR,2016,46209.2
Madagascar,MDG,1990,11.1544
Madagascar,MDG,1991,25.4943
Madagascar,MDG,1992,52.567
Madagascar,MDG,1993,100.084
Madagascar,MDG,1994,178.85
Madagascar,MDG,1995,302.8
Madagascar,MDG,1996,489.61
Madagascar,MDG,1997,761.542
Madagascar,MDG,1998,1141.48
Madagascar,MDG,1999,1653.39
Madagascar,MDG,2000,2317.69
Madagascar,MDG,2001,3148.61
Madagascar,MDG,2002,4149.12
Madagascar,MDG,2003,5312.03
Madagascar,MDG,2004,6619.41
Madagascar,MDG,2005,8038.96
Madagascar,MDG,2006,9526.56
Madagascar,MDG,2007,11027.4
Madagascar,MDG,2008,12492.2
Madagascar,MDG,2009,13898.8
Madagascar,MDG,2010,15214.3
Madagascar,MDG,2011,16409.4
Madagascar,MDG,2012,17448.1
Madagascar,MDG,2013,18364
Madagascar,MDG,2014,19154.7
Madagascar,MDG,2015,19809.5
Madagascar,MDG,2016,20325.8
Malawi,MWI,1990,81373.7
Malawi,MWI,1991,107795
Malawi,MWI,1992,137526
Malawi,MWI,1993,170896
Malawi,MWI,1994,208554
Malawi,MWI,1995,251962
Malawi,MWI,1996,300758
Malawi,MWI,1997,355052
Malawi,MWI,1998,414119
Malawi,MWI,1999,478462
Malawi,MWI,2000,546332
Malawi,MWI,2001,615050
Malawi,MWI,2002,682467
Malawi,MWI,2003,746856
Malawi,MWI,2004,806966
Malawi,MWI,2005,859641
Malawi,MWI,2006,899577
Malawi,MWI,2007,924869
Malawi,MWI,2008,933977
Malawi,MWI,2009,929537
Malawi,MWI,2010,911997
Malawi,MWI,2011,883635
Malawi,MWI,2012,851334
Malawi,MWI,2013,812454
Malawi,MWI,2014,765999
Malawi,MWI,2015,718057
Malawi,MWI,2016,668383
Malaysia,MYS,1990,40.009
Malaysia,MYS,1991,217.984
Malaysia,MYS,1992,838.486
Malaysia,MYS,1993,2253.22
Malaysia,MYS,1994,4974.65
Malaysia,MYS,1995,9443.36
Malaysia,MYS,1996,15708.9
Malaysia,MYS,1997,23479.4
Malaysia,MYS,1998,32298.5
Malaysia,MYS,1999,41674.9
Malaysia,MYS,2000,51164.7
Malaysia,MYS,2001,60201.8
Malaysia,MYS,2002,68534.3
Malaysia,MYS,2003,75727.3
Malaysia,MYS,2004,81808
Malaysia,MYS,2005,86999.3
Malaysia,MYS,2006,91209.3
Malaysia,MYS,2007,94154.8
Malaysia,MYS,2008,95859.8
Malaysia,MYS,2009,96351.1
Malaysia,MYS,2010,95673.7
Malaysia,MYS,2011,94018.8
Malaysia,MYS,2012,91431.2
Malaysia,MYS,2013,88141.5
Malaysia,MYS,2014,84436
Malaysia,MYS,2015,80268
Malaysia,MYS,2016,75702.5
Mali,MLI,1990,7937.01
Mali,MLI,1991,10371.4
Mali,MLI,1992,13263.7
Mali,MLI,1993,16619.5
Mali,MLI,1994,20427.4
Mali,MLI,1995,24650.2
Mali,MLI,1996,29262.3
Mali,MLI,1997,34239.6
Mali,MLI,1998,39585.3
Mali,MLI,1999,45273.5
Mali,MLI,2000,51306.9
Mali,MLI,2001,57633.8
Mali,MLI,2002,63988.3
Mali,MLI,2003,70148.2
Mali,MLI,2004,76119.7
Mali,MLI,2005,81252.6
Mali,MLI,2006,85238.6
Mali,MLI,2007,89046.5
Mali,MLI,2008,90609.1
Mali,MLI,2009,91243.6
Mali,MLI,2010,91150.4
Mali,MLI,2011,90455.4
Mali,MLI,2012,88748.1
Mali,MLI,2013,87531.1
Mali,MLI,2014,87221.1
Mali,MLI,2015,88448.5
Mali,MLI,2016,89256.8
Mauritania,MRT,1990,78.3015
Mauritania,MRT,1991,113.339
Mauritania,MRT,1992,164.991
Mauritania,MRT,1993,240.044
Mauritania,MRT,1994,347.15
Mauritania,MRT,1995,496.911
Mauritania,MRT,1996,701.513
Mauritania,MRT,1997,974.765
Mauritania,MRT,1998,1330.51
Mauritania,MRT,1999,1781.89
Mauritania,MRT,2000,2339.64
Mauritania,MRT,2001,3010.34
Mauritania,MRT,2002,3796.08
Mauritania,MRT,2003,4690.32
Mauritania,MRT,2004,5675.55
Mauritania,MRT,2005,6717
Mauritania,MRT,2006,7740.35
Mauritania,MRT,2007,8674.96
Mauritania,MRT,2008,9509.62
Mauritania,MRT,2009,10255.4
Mauritania,MRT,2010,10906.9
Mauritania,MRT,2011,11495.4
Mauritania,MRT,2012,11983.1
Mauritania,MRT,2013,12423.3
Mauritania,MRT,2014,12760.7
Mauritania,MRT,2015,12972.1
Mauritania,MRT,2016,13066.7
Mexico,MEX,1990,19342.1
Mexico,MEX,1991,23237.2
Mexico,MEX,1992,27537.9
Mexico,MEX,1993,32238.4
Mexico,MEX,1994,37302.7
Mexico,MEX,1995,42242.9
Mexico,MEX,1996,46900.9
Mexico,MEX,1997,51456.4
Mexico,MEX,1998,56170.7
Mexico,MEX,1999,61095.6
Mexico,MEX,2000,66005
Mexico,MEX,2001,70037.5
Mexico,MEX,2002,73124.7
Mexico,MEX,2003,75226
Mexico,MEX,2004,76089.9
Mexico,MEX,2005,76446.5
Mexico,MEX,2006,76560.6
Mexico,MEX,2007,75854.2
Mexico,MEX,2008,74453.2
Mexico,MEX,2009,72676.8
Mexico,MEX,2010,70692.8
Mexico,MEX,2011,69116.8
Mexico,MEX,2012,67610.5
Mexico,MEX,2013,65598.8
Mexico,MEX,2014,62908.5
Mexico,MEX,2015,60401.5
Mexico,MEX,2016,57373.5
Middle East and North Africa,,1990,3166.56
Middle East and North Africa,,1991,3947.67
Middle East and North Africa,,1992,4886.43
Middle East and North Africa,,1993,6009.53
Middle East and North Africa,,1994,7352.12
Middle East and North Africa,,1995,8940.03
Middle East and North Africa,,1996,10760.4
Middle East and North Africa,,1997,12926.3
Middle East and North Africa,,1998,15498.7
Middle East and North Africa,,1999,18531.7
Middle East and North Africa,,2000,22077.6
Middle East and North Africa,,2001,26095.7
Middle East and North Africa,,2002,30647.7
Middle East and North Africa,,2003,35757.4
Middle East and North Africa,,2004,41179.9
Middle East and North Africa,,2005,46842.8
Middle East and North Africa,,2006,52751.7
Middle East and North Africa,,2007,58724.5
Middle East and North Africa,,2008,64661.1
Middle East and North Africa,,2009,70206.5
Middle East and North Africa,,2010,75197.5
Middle East and North Africa,,2011,80026.8
Middle East and North Africa,,2012,84838.7
Middle East and North Africa,,2013,89458.2
Middle East and North Africa,,2014,93680.7
Middle East and North Africa,,2015,97477.8
Middle East and North Africa,,2016,100858
Moldova,MDA,1990,19.0747
Moldova,MDA,1991,30.029
Moldova,MDA,1992,45.2872
Moldova,MDA,1993,66.0199
Moldova,MDA,1994,93.4881
Moldova,MDA,1995,128.755
Moldova,MDA,1996,172.094
Moldova,MDA,1997,222.844
Moldova,MDA,1998,284.382
Moldova,MDA,1999,356.124
Moldova,MDA,2000,440.478
Moldova,MDA,2001,540.2
Moldova,MDA,2002,652.714
Moldova,MDA,2003,775.56
Moldova,MDA,2004,900.555
Moldova,MDA,2005,1022.16
Moldova,MDA,2006,1140.7
Moldova,MDA,2007,1255.41
Moldova,MDA,2008,1364.85
Moldova,MDA,2009,1469.32
Moldova,MDA,2010,1570.34
Moldova,MDA,2011,1678.24
Moldova,MDA,2012,1786.66
Moldova,MDA,2013,1910.15
Moldova,MDA,2014,2043.03
Moldova,MDA,2015,2185.04
Moldova,MDA,2016,2330.02
Morocco,MAR,1990,105.985
Morocco,MAR,1991,153.78
Morocco,MAR,1992,215.719
Morocco,MAR,1993,293.984
Morocco,MAR,1994,390.706
Morocco,MAR,1995,508.163
Morocco,MAR,1996,649.509
Morocco,MAR,1997,817.142
Morocco,MAR,1998,1012.25
Morocco,MAR,1999,1237.31
Morocco,MAR,2000,1494.74
Morocco,MAR,2001,1786.65
Morocco,MAR,2002,2115.09
Morocco,MAR,2003,2481.3
Morocco,MAR,2004,2771.32
Morocco,MAR,2005,2992.12
Morocco,MAR,2006,3227.35
Morocco,MAR,2007,3503.89
Morocco,MAR,2008,3820.42
Morocco,MAR,2009,4129.96
Morocco,MAR,2010,4422.4
Morocco,MAR,2011,4749.85
Morocco,MAR,2012,5068.76
Morocco,MAR,2013,5315.97
Morocco,MAR,2014,5489.39
Morocco,MAR,2015,5647.52
Morocco,MAR,2016,5785.76
Mozambique,MOZ,1990,10018.8
Mozambique,MOZ,1991,14643
Mozambique,MOZ,1992,21469
Mozambique,MOZ,1993,31270.1
Mozambique,MOZ,1994,44884
Mozambique,MOZ,1995,63040.4
Mozambique,MOZ,1996,86751.9
Mozambique,MOZ,1997,116891
Mozambique,MOZ,1998,154411
Mozambique,MOZ,1999,200281
Mozambique,MOZ,2000,255278
Mozambique,MOZ,2001,319955
Mozambique,MOZ,2002,393892
Mozambique,MOZ,2003,477073
Mozambique,MOZ,2004,568372
Mozambique,MOZ,2005,664799
Mozambique,MOZ,2006,761665
Mozambique,MOZ,2007,852502
Mozambique,MOZ,2008,928573
Mozambique,MOZ,2009,988045
Mozambique,MOZ,2010,1040000
Mozambique,MOZ,2011,1090000
Mozambique,MOZ,2012,1130000
Mozambique,MOZ,2013,1170000
Mozambique,MOZ,2014,1200000
Mozambique,MOZ,2015,1220000
Mozambique,MOZ,2016,1210000
Myanmar,MMR,1990,20.2747
Myanmar,MMR,1991,76.1269
Myanmar,MMR,1992,233.387
Myanmar,MMR,1993,584.548
Myanmar,MMR,1994,1269.81
Myanmar,MMR,1995,2483.93
Myanmar,MMR,1996,4422.6
Myanmar,MMR,1997,7255.25
Myanmar,MMR,1998,11106.6
Myanmar,MMR,1999,16046.1
Myanmar,MMR,2000,22108.7
Myanmar,MMR,2001,29311.4
Myanmar,MMR,2002,37682.4
Myanmar,MMR,2003,47224
Myanmar,MMR,2004,57807.4
Myanmar,MMR,2005,69194.2
Myanmar,MMR,2006,80822.1
Myanmar,MMR,2007,92071.5
Myanmar,MMR,2008,102398
Myanmar,MMR,2009,111707
Myanmar,MMR,2010,119839
Myanmar,MMR,2011,126151
Myanmar,MMR,2012,130564
Myanmar,MMR,2013,132646
Myanmar,MMR,2014,132340
Myanmar,MMR,2015,129380
Myanmar,MMR,2016,124420
Namibia,NAM,1990,370.918
Namibia,NAM,1991,685.048
Namibia,NAM,1992,1230.23
Namibia,NAM,1993,2141.82
Namibia,NAM,1994,3600.21
Namibia,NAM,1995,5837.73
Namibia,NAM,1996,9109.79
Namibia,NAM,1997,13679
Namibia,NAM,1998,19753.4
Namibia,NAM,1999,27429.7
Namibia,NAM,2000,36600.7
Namibia,NAM,2001,46659.7
Namibia,NAM,2002,57510.4
Namibia,NAM,2003,68774.8
Namibia,NAM,2004,79947.9
Namibia,NAM,2005,89289
Namibia,NAM,2006,95795
Namibia,NAM,2007,98506
Namibia,NAM,2008,97288.9
Namibia,NAM,2009,94035.6
Namibia,NAM,2010,90330.4
Namibia,NAM,2011,86381.8
Namibia,NAM,2012,81190.2
Namibia,NAM,2013,76096.4
Namibia,NAM,2014,71120.8
Namibia,NAM,2015,66959.4
Namibia,NAM,2016,63596.5
Nepal,NPL,1990,6.91408
Nepal,NPL,1991,11.708
Nepal,NPL,1992,20.9294
Nepal,NPL,1993,39.8332
Nepal,NPL,1994,80.5089
Nepal,NPL,1995,166.352
Nepal,NPL,1996,334.679
Nepal,NPL,1997,636.381
Nepal,NPL,1998,1132.78
Nepal,NPL,1999,1891.82
Nepal,NPL,2000,2979.03
Nepal,NPL,2001,4442.82
Nepal,NPL,2002,6306.22
Nepal,NPL,2003,8559.88
Nepal,NPL,2004,11159.9
Nepal,NPL,2005,14000.2
Nepal,NPL,2006,16938.2
Nepal,NPL,2007,19771.4
Nepal,NPL,2008,22293.5
Nepal,NPL,2009,24327.3
Nepal,NPL,2010,25914.9
Nepal,NPL,2011,27184
Nepal,NPL,2012,28010.8
Nepal,NPL,2013,28404.6
Nepal,NPL,2014,28422.8
Nepal,NPL,2015,27936
Nepal,NPL,2016,27038.2
Netherlands,NLD,1990,515.516
Netherlands,NLD,1991,706.12
Netherlands,NLD,1992,923.605
Netherlands,NLD,1993,1161.91
Netherlands,NLD,1994,1411.91
Netherlands,NLD,1995,1665.21
Netherlands,NLD,1996,1915.42
Netherlands,NLD,1997,1988.52
Netherlands,NLD,1998,1950.8
Netherlands,NLD,1999,1864.53
Netherlands,NLD,2000,1785.71
Netherlands,NLD,2001,1715.61
Netherlands,NLD,2002,1652.19
Netherlands,NLD,2003,1592.61
Netherlands,NLD,2004,1535.94
Netherlands,NLD,2005,1482.3
Netherlands,NLD,2006,1398.36
Netherlands,NLD,2007,1321.22
Netherlands,NLD,2008,1259.94
Netherlands,NLD,2009,1208.58
Netherlands,NLD,2010,1161.05
Netherlands,NLD,2011,1119.29
Netherlands,NLD,2012,1090.63
Netherlands,NLD,2013,1080.13
Netherlands,NLD,2014,1089.33
Netherlands,NLD,2015,1111.29
Netherlands,NLD,2016,1139.82
Nicaragua,NIC,1990,171.048
Nicaragua,NIC,1991,272.398
Nicaragua,NIC,1992,415.727
Nicaragua,NIC,1993,609.603
Nicaragua,NIC,1994,862.467
Nicaragua,NIC,1995,1180.03
Nicaragua,NIC,1996,1565.1
Nicaragua,NIC,1997,2016.73
Nicaragua,NIC,1998,2530.81
Nicaragua,NIC,1999,3100.57
Nicaragua,NIC,2000,3713.96
Nicaragua,NIC,2001,4354.56
Nicaragua,NIC,2002,5003.49
Nicaragua,NIC,2003,5642.27
Nicaragua,NIC,2004,6245.49
Nicaragua,NIC,2005,6790
Nicaragua,NIC,2006,7239.83
Nicaragua,NIC,2007,7559.9
Nicaragua,NIC,2008,7714.52
Nicaragua,NIC,2009,7776.84
Nicaragua,NIC,2010,7735.58
Nicaragua,NIC,2011,7619.94
Nicaragua,NIC,2012,7422.84
Nicaragua,NIC,2013,7124.12
Nicaragua,NIC,2014,6768.08
Nicaragua,NIC,2015,6364.76
Nicaragua,NIC,2016,5932.04
Niger,NER,1990,733.555
Niger,NER,1991,1107.24
Niger,NER,1992,1641.9
Niger,NER,1993,2392.14
Niger,NER,1994,3420.62
Niger,NER,1995,4810.33
Niger,NER,1996,6643.13
Niger,NER,1997,8993.38
Niger,NER,1998,11925.4
Niger,NER,1999,15480.9
Niger,NER,2000,19668.7
Niger,NER,2001,24462.9
Niger,NER,2002,29816
Niger,NER,2003,35658
Niger,NER,2004,41883.4
Niger,NER,2005,48326.9
Niger,NER,2006,54474
Niger,NER,2007,59981.1
Niger,NER,2008,64996.4
Niger,NER,2009,69732.4
Niger,NER,2010,72861.6
Niger,NER,2011,74977.9
Niger,NER,2012,76513.5
Niger,NER,2013,77129.2
Niger,NER,2014,76890.5
Niger,NER,2015,76518.3
Niger,NER,2016,76880.4
Nigeria,NGA,1990,123079
Nigeria,NGA,1991,167897
Nigeria,NGA,1992,222462
Nigeria,NGA,1993,286760
Nigeria,NGA,1994,359540
Nigeria,NGA,1995,441271
Nigeria,NGA,1996,533726
Nigeria,NGA,1997,638094
Nigeria,NGA,1998,755600
Nigeria,NGA,1999,887468
Nigeria,NGA,2000,1040000
Nigeria,NGA,2001,1200000
Nigeria,NGA,2002,1370000
Nigeria,NGA,2003,1550000
Nigeria,NGA,2004,1730000
Nigeria,NGA,2005,1910000
Nigeria,NGA,2006,2080000
Nigeria,NGA,2007,2230000
Nigeria,NGA,2008,2360000
Nigeria,NGA,2009,2470000
Nigeria,NGA,2010,2560000
Nigeria,NGA,2011,2630000
Nigeria,NGA,2012,2690000
Nigeria,NGA,2013,2710000
Nigeria,NGA,2014,2700000
Nigeria,NGA,2015,2670000
Nigeria,NGA,2016,2620000
Pakistan,PAK,1990,0
Pakistan,PAK,1991,0
Pakistan,PAK,1992,0
Pakistan,PAK,1993,0.16393
Pakistan,PAK,1994,0.66804
Pakistan,PAK,1995,1.8353
Pakistan,PAK,1996,4.16772
Pakistan,PAK,1997,8.31651
Pakistan,PAK,1998,15.0144
Pakistan,PAK,1999,25.3633
Pakistan,PAK,2000,40.0547
Pakistan,PAK,2001,60.1696
Pakistan,PAK,2002,87.0358
Pakistan,PAK,2003,115.92
Pakistan,PAK,2004,146.177
Pakistan,PAK,2005,189.907
Pakistan,PAK,2006,339.522
Pakistan,PAK,2007,646.765
Pakistan,PAK,2008,1170.58
Pakistan,PAK,2009,2005.46
Pakistan,PAK,2010,3308.05
Pakistan,PAK,2011,5255
Pakistan,PAK,2012,8006.98
Pakistan,PAK,2013,11521.8
Pakistan,PAK,2014,15879.4
Pakistan,PAK,2015,20958.1
Pakistan,PAK,2016,26616.8
Papua New Guinea,PNG,1990,13.0494
Papua New Guinea,PNG,1991,26.3696
Papua New Guinea,PNG,1992,50.339
Papua New Guinea,PNG,1993,91.6708
Papua New Guinea,PNG,1994,160.03
Papua New Guinea,PNG,1995,268.725
Papua New Guinea,PNG,1996,434.644
Papua New Guinea,PNG,1997,678.99
Papua New Guinea,PNG,1998,1026.29
Papua New Guinea,PNG,1999,1506.2
Papua New Guinea,PNG,2000,2147.23
Papua New Guinea,PNG,2001,2970.9
Papua New Guinea,PNG,2002,4012.42
Papua New Guinea,PNG,2003,5281.11
Papua New Guinea,PNG,2004,6762.92
Papua New Guinea,PNG,2005,8431.93
Papua New Guinea,PNG,2006,10196.8
Papua New Guinea,PNG,2007,11800.1
Papua New Guinea,PNG,2008,12917.5
Papua New Guinea,PNG,2009,13707.8
Papua New Guinea,PNG,2010,14337.4
Papua New Guinea,PNG,2011,14949.3
Papua New Guinea,PNG,2012,15471.2
Papua New Guinea,PNG,2013,15728.5
Papua New Guinea,PNG,2014,15624.3
Papua New Guinea,PNG,2015,15140.6
Papua New Guinea,PNG,2016,14543.7
Paraguay,PRY,1990,39.0229
Paraguay,PRY,1991,72.775
Paraguay,PRY,1992,124.834
Paraguay,PRY,1993,199.797
Paraguay,PRY,1994,301.891
Paraguay,PRY,1995,434.974
Paraguay,PRY,1996,602.377
Paraguay,PRY,1997,807.341
Paraguay,PRY,1998,1052.26
Paraguay,PRY,1999,1339.06
Paraguay,PRY,2000,1672.27
Paraguay,PRY,2001,2051.28
Paraguay,PRY,2002,2471.15
Paraguay,PRY,2003,2928.77
Paraguay,PRY,2004,3420.96
Paraguay,PRY,2005,3941.42
Paraguay,PRY,2006,4367.51
Paraguay,PRY,2007,4710.58
Paraguay,PRY,2008,5009.79
Paraguay,PRY,2009,5238.4
Paraguay,PRY,2010,5380.65
Paraguay,PRY,2011,5494.27
Paraguay,PRY,2012,5651.15
Paraguay,PRY,2013,5869.05
Paraguay,PRY,2014,6068.68
Paraguay,PRY,2015,6249.58
Paraguay,PRY,2016,6410.79
Peru,PER,1990,15513.1
Peru,PER,1991,20055.9
Peru,PER,1992,25020.2
Peru,PER,1993,30222.5
Peru,PER,1994,35464.3
Peru,PER,1995,40603.4
Peru,PER,1996,45529.8
Peru,PER,1997,50153.3
Peru,PER,1998,54387
Peru,PER,1999,58144.5
Peru,PER,2000,61348.4
Peru,PER,2001,63920.5
Peru,PER,2002,65835.6
Peru,PER,2003,66899.7
Peru,PER,2004,67007.1
Peru,PER,2005,66349.4
Peru,PER,2006,65516.3
Peru,PER,2007,63670.4
Peru,PER,2008,61010.1
Peru,PER,2009,57903.4
Peru,PER,2010,54268.6
Peru,PER,2011,49901.1
Peru,PER,2012,45507.5
Peru,PER,2013,41443.1
Peru,PER,2014,37637.1
Peru,PER,2015,34165.2
Peru,PER,2016,31323.6
Philippines,PHL,1990,2.11833
Philippines,PHL,1991,3.34954
Philippines,PHL,1992,5.09858
Philippines,PHL,1993,7.48554
Philippines,PHL,1994,10.7462
Philippines,PHL,1995,15.1732
Philippines,PHL,1996,21.1213
Philippines,PHL,1997,29.0171
Philippines,PHL,1998,39.5138
Philippines,PHL,1999,53.407
Philippines,PHL,2000,72.1349
Philippines,PHL,2001,97.5142
Philippines,PHL,2002,131.05
Philippines,PHL,2003,174.735
Philippines,PHL,2004,231.236
Philippines,PHL,2005,303.756
Philippines,PHL,2006,384.209
Philippines,PHL,2007,457.969
Philippines,PHL,2008,530.386
Philippines,PHL,2009,610.447
Philippines,PHL,2010,708.305
Philippines,PHL,2011,828.382
Philippines,PHL,2012,983.459
Philippines,PHL,2013,1138.92
Philippines,PHL,2014,1349.55
Philippines,PHL,2015,1623.17
Philippines,PHL,2016,1953.54
Romania,ROU,1990,1452.25
Romania,ROU,1991,1712.47
Romania,ROU,1992,1980.66
Romania,ROU,1993,2247.42
Romania,ROU,1994,2502.66
Romania,ROU,1995,2738.79
Romania,ROU,1996,2949.75
Romania,ROU,1997,3132.54
Romania,ROU,1998,3285.14
Romania,ROU,1999,3403.31
Romania,ROU,2000,3486.51
Romania,ROU,2001,3534.4
Romania,ROU,2002,3219.32
Romania,ROU,2003,2901.96
Romania,ROU,2004,2587.9
Romania,ROU,2005,2284.69
Romania,ROU,2006,2008.54
Romania,ROU,2007,1768.36
Romania,ROU,2008,1572.48
Romania,ROU,2009,1409.93
Romania,ROU,2010,1270.55
Romania,ROU,2011,1114.03
Romania,ROU,2012,998.263
Romania,ROU,2013,916.951
Romania,ROU,2014,862.551
Romania,ROU,2015,821.696
Romania,ROU,2016,790.787
Rwanda,RWA,1990,5721.31
Rwanda,RWA,1991,7908.26
Rwanda,RWA,1992,10472.7
Rwanda,RWA,1993,13605.5
Rwanda,RWA,1994,17616.6
Rwanda,RWA,1995,22880.8
Rwanda,RWA,1996,29710.8
Rwanda,RWA,1997,38271.1
Rwanda,RWA,1998,48178.4
Rwanda,RWA,1999,59012.4
Rwanda,RWA,2000,70196.2
Rwanda,RWA,2001,81696.6
Rwanda,RWA,2002,93203.4
Rwanda,RWA,2003,104642
Rwanda,RWA,2004,115657
Rwanda,RWA,2005,124610
Rwanda,RWA,2006,129267
Rwanda,RWA,2007,129837
Rwanda,RWA,2008,128695
Rwanda,RWA,2009,128097
Rwanda,RWA,2010,125919
Rwanda,RWA,2011,121233
Rwanda,RWA,2012,114896
Rwanda,RWA,2013,107606
Rwanda,RWA,2014,99510
Rwanda,RWA,2015,91441.8
Rwanda,RWA,2016,83258.8
Saudi Arabia,SAU,1990,338.891
Saudi Arabia,SAU,1991,397.79
Saudi Arabia,SAU,1992,463.585
Saudi Arabia,SAU,1993,536.798
Saudi Arabia,SAU,1994,617.931
Saudi Arabia,SAU,1995,689.578
Saudi Arabia,SAU,1996,693.429
Saudi Arabia,SAU,1997,692.377
Saudi Arabia,SAU,1998,696.204
Saudi Arabia,SAU,1999,704.886
Saudi Arabia,SAU,2000,718.584
Saudi Arabia,SAU,2001,738.389
Saudi Arabia,SAU,2002,765.372
Saudi Arabia,SAU,2003,799.357
Saudi Arabia,SAU,2004,839.508
Saudi Arabia,SAU,2005,885.203
Saudi Arabia,SAU,2006,911.068
Saudi Arabia,SAU,2007,945.476
Saudi Arabia,SAU,2008,985.598
Saudi Arabia,SAU,2009,1031.12
Saudi Arabia,SAU,2010,1082.94
Saudi Arabia,SAU,2011,1152.19
Saudi Arabia,SAU,2012,1228.23
Saudi Arabia,SAU,2013,1305.05
Saudi Arabia,SAU,2014,1391
Saudi Arabia,SAU,2015,1480.77
Saudi Arabia,SAU,2016,1569.98
Senegal,SEN,1990,998.424
Senegal,SEN,1991,1280.14
Senegal,SEN,1992,1627.69
Senegal,SEN,1993,2054.98
Senegal,SEN,1994,2576.11
Senegal,SEN,1995,3204.3
Senegal,SEN,1996,3955.64
Senegal,SEN,1997,4849.65
Senegal,SEN,1998,5913.19
Senegal,SEN,1999,7171.11
Senegal,SEN,2000,8639.8
Senegal,SEN,2001,10321.9
Senegal,SEN,2002,12186.3
Senegal,SEN,2003,14266.9
Senegal,SEN,2004,16595.8
Senegal,SEN,2005,19139
Senegal,SEN,2006,21861.4
Senegal,SEN,2007,24692.7
Senegal,SEN,2008,25523.5
Senegal,SEN,2009,25197.9
Senegal,SEN,2010,24823.8
Senegal,SEN,2011,24754.7
Senegal,SEN,2012,24975.6
Senegal,SEN,2013,25384.2
Senegal,SEN,2014,26214.7
Senegal,SEN,2015,26835.8
Senegal,SEN,2016,27171.3
Sierra Leone,SLE,1990,562.413
Sierra Leone,SLE,1991,768.039
Sierra Leone,SLE,1992,1020.95
Sierra Leone,SLE,1993,1328.41
Sierra Leone,SLE,1994,1698.9
Sierra Leone,SLE,1995,2131.01
Sierra Leone,SLE,1996,2626.71
Sierra Leone,SLE,1997,3188.47
Sierra Leone,SLE,1998,3822.07
Sierra Leone,SLE,1999,4539.28
Sierra Leone,SLE,2000,5362.48
Sierra Leone,SLE,2001,6309.51
Sierra Leone,SLE,2002,7392.14
Sierra Leone,SLE,2003,8618.91
Sierra Leone,SLE,2004,9990.7
Sierra Leone,SLE,2005,11461.5
Sierra Leone,SLE,2006,13004.7
Sierra Leone,SLE,2007,14571.9
Sierra Leone,SLE,2008,16219.4
Sierra Leone,SLE,2009,17843.5
Sierra Leone,SLE,2010,19216.2
Sierra Leone,SLE,2011,20451.9
Sierra Leone,SLE,2012,21564.3
Sierra Leone,SLE,2013,22553.4
Sierra Leone,SLE,2014,23786.7
Sierra Leone,SLE,2015,25136.5
Sierra Leone,SLE,2016,26479.7
Somalia,SOM,1990,129.088
Somalia,SOM,1991,204.206
Somalia,SOM,1992,317.417
Somalia,SOM,1993,484.61
Somalia,SOM,1994,728.484
Somalia,SOM,1995,1079.32
Somalia,SOM,1996,1567.53
Somalia,SOM,1997,2223.26
Somalia,SOM,1998,3070.81
Somalia,SOM,1999,4130.03
Somalia,SOM,2000,5412.6
Somalia,SOM,2001,6913.66
Somalia,SOM,2002,8613.39
Somalia,SOM,2003,10482.3
Somalia,SOM,2004,12475.1
Somalia,SOM,2005,14543.7
Somalia,SOM,2006,16608.6
Somalia,SOM,2007,18600.7
Somalia,SOM,2008,20460.8
Somalia,SOM,2009,22110
Somalia,SOM,2010,23491.2
Somalia,SOM,2011,24569
Somalia,SOM,2012,25367.8
Somalia,SOM,2013,25919.1
Somalia,SOM,2014,26231.7
Somalia,SOM,2015,26379
Somalia,SOM,2016,26337.4
South Africa,ZAF,1990,2282.11
South Africa,ZAF,1991,4719.65
South Africa,ZAF,1992,9270.77
South Africa,ZAF,1993,17345.7
South Africa,ZAF,1994,31070
South Africa,ZAF,1995,53289.6
South Africa,ZAF,1996,87608.2
South Africa,ZAF,1997,138262
South Africa,ZAF,1998,209941
South Africa,ZAF,1999,306601
South Africa,ZAF,2000,431918
South Africa,ZAF,2001,588304
South Africa,ZAF,2002,771363
South Africa,ZAF,2003,972734
South Africa,ZAF,2004,1190000
South Africa,ZAF,2005,1420000
South Africa,ZAF,2006,1630000
South Africa,ZAF,2007,1800000
South Africa,ZAF,2008,1940000
South Africa,ZAF,2009,2030000
South Africa,ZAF,2010,2070000
South Africa,ZAF,2011,2090000
South Africa,ZAF,2012,2060000
South Africa,ZAF,2013,1990000
South Africa,ZAF,2014,1910000
South Africa,ZAF,2015,1810000
South Africa,ZAF,2016,1710000
South Sudan,SSD,1990,19.9981
South Sudan,SSD,1991,38.2714
South Sudan,SSD,1992,73.7269
South Sudan,SSD,1993,141.617
South Sudan,SSD,1994,268.665
South Sudan,SSD,1995,503.708
South Sudan,SSD,1996,931.285
South Sudan,SSD,1997,1671.53
South Sudan,SSD,1998,2881.08
South Sudan,SSD,1999,4757.87
South Sudan,SSD,2000,7505.28
South Sudan,SSD,2001,11347.1
South Sudan,SSD,2002,16477.4
South Sudan,SSD,2003,23037.4
South Sudan,SSD,2004,31083.2
South Sudan,SSD,2005,40648.7
South Sudan,SSD,2006,51617.6
South Sudan,SSD,2007,63269.3
South Sudan,SSD,2008,75409.1
South Sudan,SSD,2009,87809
South Sudan,SSD,2010,99821.6
South Sudan,SSD,2011,111400
South Sudan,SSD,2012,122463
South Sudan,SSD,2013,132796
South Sudan,SSD,2014,141715
South Sudan,SSD,2015,148780
South Sudan,SSD,2016,153336
Spain,ESP,1990,8029.22
Spain,ESP,1991,10323.8
Spain,ESP,1992,12798.2
Spain,ESP,1993,15343.3
Spain,ESP,1994,17835.2
Spain,ESP,1995,20185.7
Spain,ESP,1996,22341.8
Spain,ESP,1997,23509.2
Spain,ESP,1998,22625.6
Spain,ESP,1999,21789.4
Spain,ESP,2000,20872.8
Spain,ESP,2001,19850.4
Spain,ESP,2002,18717.7
Spain,ESP,2003,17476.3
Spain,ESP,2004,16409.2
Spain,ESP,2005,15485.5
Spain,ESP,2006,14705
Spain,ESP,2007,14073.7
Spain,ESP,2008,13588.3
Spain,ESP,2009,13247.9
Spain,ESP,2010,11947.8
Spain,ESP,2011,10648.5
Spain,ESP,2012,9479.86
Spain,ESP,2013,8474.1
Spain,ESP,2014,7626.5
Spain,ESP,2015,6896.92
Spain,ESP,2016,6237.95
Sudan,SDN,1990,182.388
Sudan,SDN,1991,257.928
Sudan,SDN,1992,357.185
Sudan,SDN,1993,485.494
Sudan,SDN,1994,650.554
Sudan,SDN,1995,859.252
Sudan,SDN,1996,1118.66
Sudan,SDN,1997,1437.99
Sudan,SDN,1998,1828.07
Sudan,SDN,1999,2299.29
Sudan,SDN,2000,2863.22
Sudan,SDN,2001,3528.97
Sudan,SDN,2002,4305.82
Sudan,SDN,2003,5203.86
Sudan,SDN,2004,6232.65
Sudan,SDN,2005,7399.24
Sudan,SDN,2006,8710.08
Sudan,SDN,2007,10171.7
Sudan,SDN,2008,11790.9
Sudan,SDN,2009,13273.4
Sudan,SDN,2010,14539.7
Sudan,SDN,2011,15934.5
Sudan,SDN,2012,17644.6
Sudan,SDN,2013,19589.6
Sudan,SDN,2014,21624.1
Sudan,SDN,2015,23671.8
Sudan,SDN,2016,25764.3
Suriname,SUR,1990,8.75534
Suriname,SUR,1991,16.2712
Suriname,SUR,1992,28.4703
Suriname,SUR,1993,47.3212
Suriname,SUR,1994,75.2159
Suriname,SUR,1995,114.575
Suriname,SUR,1996,168.436
Suriname,SUR,1997,239.217
Suriname,SUR,1998,329.898
Suriname,SUR,1999,441.994
Suriname,SUR,2000,574.365
Suriname,SUR,2001,723.823
Suriname,SUR,2002,887.511
Suriname,SUR,2003,1055.4
Suriname,SUR,2004,1211.13
Suriname,SUR,2005,1351.89
Suriname,SUR,2006,1474.61
Suriname,SUR,2007,1566.32
Suriname,SUR,2008,1630.52
Suriname,SUR,2009,1654.09
Suriname,SUR,2010,1671.09
Suriname,SUR,2011,1667.61
Suriname,SUR,2012,1658.24
Suriname,SUR,2013,1632.47
Suriname,SUR,2014,1628.49
Suriname,SUR,2015,1597.97
Suriname,SUR,2016,1554.63
Sweden,SWE,1990,1227.5
Sweden,SWE,1991,1340.86
Sweden,SWE,1992,1451.15
Sweden,SWE,1993,1558.47
Sweden,SWE,1994,1659.69
Sweden,SWE,1995,1753.11
Sweden,SWE,1996,1838.44
Sweden,SWE,1997,1807.02
Sweden,SWE,1998,1788.64
Sweden,SWE,1999,1776.35
Sweden,SWE,2000,1768.73
Sweden,SWE,2001,1761.62
Sweden,SWE,2002,1750.07
Sweden,SWE,2003,1734.58
Sweden,SWE,2004,1715.74
Sweden,SWE,2005,1694.26
Sweden,SWE,2006,1670.72
Sweden,SWE,2007,1645.2
Sweden,SWE,2008,1617.72
Sweden,SWE,2009,1588.28
Sweden,SWE,2010,1566.09
Sweden,SWE,2011,1474.99
Sweden,SWE,2012,1411.45
Sweden,SWE,2013,1379.44
Sweden,SWE,2014,1287.98
Sweden,SWE,2015,1211.69
Sweden,SWE,2016,1103.86
Tajikistan,TJK,1990,0.0144
Tajikistan,TJK,1991,0.03967
Tajikistan,TJK,1992,0.09241
Tajikistan,TJK,1993,0.20666
Tajikistan,TJK,1994,0.43392
Tajikistan,TJK,1995,0.89278
Tajikistan,TJK,1996,2.26868
Tajikistan,TJK,1997,5.17937
Tajikistan,TJK,1998,11.2866
Tajikistan,TJK,1999,23.3995
Tajikistan,TJK,2000,45.9598
Tajikistan,TJK,2001,85.2998
Tajikistan,TJK,2002,149.963
Tajikistan,TJK,2003,250.259
Tajikistan,TJK,2004,397.838
Tajikistan,TJK,2005,605.942
Tajikistan,TJK,2006,887.047
Tajikistan,TJK,2007,1245.43
Tajikistan,TJK,2008,1684.89
Tajikistan,TJK,2009,2206.86
Tajikistan,TJK,2010,2803.84
Tajikistan,TJK,2011,3459.05
Tajikistan,TJK,2012,4099.92
Tajikistan,TJK,2013,4705.65
Tajikistan,TJK,2014,5321.53
Tajikistan,TJK,2015,5897.48
Tajikistan,TJK,2016,6388.05
Tanzania,TZA,1990,63118.9
Tanzania,TZA,1991,90859.1
Tanzania,TZA,1992,127114
Tanzania,TZA,1993,173000
Tanzania,TZA,1994,229254
Tanzania,TZA,1995,295309
Tanzania,TZA,1996,368246
Tanzania,TZA,1997,449373
Tanzania,TZA,1998,537806
Tanzania,TZA,1999,632214
Tanzania,TZA,2000,731472
Tanzania,TZA,2001,833172
Tanzania,TZA,2002,935711
Tanzania,TZA,2003,1040000
Tanzania,TZA,2004,1140000
Tanzania,TZA,2005,1230000
Tanzania,TZA,2006,1310000
Tanzania,TZA,2007,1370000
Tanzania,TZA,2008,1390000
Tanzania,TZA,2009,1390000
Tanzania,TZA,2010,1380000
Tanzania,TZA,2011,1350000
Tanzania,TZA,2012,1330000
Tanzania,TZA,2013,1280000
Tanzania,TZA,2014,1210000
Tanzania,TZA,2015,1130000
Tanzania,TZA,2016,1050000
Thailand,THA,1990,330.137
Thailand,THA,1991,1299.64
Thailand,THA,1992,3507.13
Thailand,THA,1993,7795.01
Thailand,THA,1994,15239.8
Thailand,THA,1995,27125.2
Thailand,THA,1996,44453.1
Thailand,THA,1997,67763.5
Thailand,THA,1998,96951.6
Thailand,THA,1999,130913
Thailand,THA,2000,168685
Thailand,THA,2001,208837
Thailand,THA,2002,248854
Thailand,THA,2003,284681
Thailand,THA,2004,314705
Thailand,THA,2005,334791
Thailand,THA,2006,340537
Thailand,THA,2007,337614
Thailand,THA,2008,329876
Thailand,THA,2009,318416
Thailand,THA,2010,304090
Thailand,THA,2011,286626
Thailand,THA,2012,266394
Thailand,THA,2013,245650
Thailand,THA,2014,224248
Thailand,THA,2015,202035
Thailand,THA,2016,180545
Togo,TGO,1990,2164.55
Togo,TGO,1991,3188.69
Togo,TGO,1992,4591.06
Togo,TGO,1993,6473.96
Togo,TGO,1994,8942.57
Togo,TGO,1995,12098.3
Togo,TGO,1996,16027.8
Togo,TGO,1997,20802.3
Togo,TGO,1998,26427.2
Togo,TGO,1999,32811
Togo,TGO,2000,39838.7
Togo,TGO,2001,47389
Togo,TGO,2002,55377.3
Togo,TGO,2003,63580.6
Togo,TGO,2004,71537.2
Togo,TGO,2005,78969.5
Togo,TGO,2006,85195.6
Togo,TGO,2007,90393.9
Togo,TGO,2008,95173.2
Togo,TGO,2009,99152.3
Togo,TGO,2010,101615
Togo,TGO,2011,102040
Togo,TGO,2012,101080
Togo,TGO,2013,99250.8
Togo,TGO,2014,97403.9
Togo,TGO,2015,95447.1
Togo,TGO,2016,92991.4
Trinidad and Tobago,TTO,1990,18.795
Trinidad and Tobago,TTO,1991,32.7632
Trinidad and Tobago,TTO,1992,54.8213
Trinidad and Tobago,TTO,1993,88.2811
Trinidad and Tobago,TTO,1994,137.335
Trinidad and Tobago,TTO,1995,206.388
Trinidad and Tobago,TTO,1996,299.426
Trinidad and Tobago,TTO,1997,419.791
Trinidad and Tobago,TTO,1998,569.528
Trinidad and Tobago,TTO,1999,748.876
Trinidad and Tobago,TTO,2000,955.891
Trinidad and Tobago,TTO,2001,1184.27
Trinidad and Tobago,TTO,2002,1423.89
Trinidad and Tobago,TTO,2003,1639.54
Trinidad and Tobago,TTO,2004,1808.97
Trinidad and Tobago,TTO,2005,1930.36
Trinidad and Tobago,TTO,2006,2021.83
Trinidad and Tobago,TTO,2007,2097.36
Trinidad and Tobago,TTO,2008,2161.27
Trinidad and Tobago,TTO,2009,2214.44
Trinidad and Tobago,TTO,2010,2250.04
Trinidad and Tobago,TTO,2011,2294.04
Trinidad and Tobago,TTO,2012,2335.73
Trinidad and Tobago,TTO,2013,2362.65
Trinidad and Tobago,TTO,2014,2357.84
Trinidad and Tobago,TTO,2015,2293.41
Trinidad and Tobago,TTO,2016,2226.07
Uganda,UGA,1990,356422
Uganda,UGA,1991,458375
Uganda,UGA,1992,572092
Uganda,UGA,1993,693876
Uganda,UGA,1994,819638
Uganda,UGA,1995,945201
Uganda,UGA,1996,1070000
Uganda,UGA,1997,1180000
Uganda,UGA,1998,1280000
Uganda,UGA,1999,1380000
Uganda,UGA,2000,1460000
Uganda,UGA,2001,1530000
Uganda,UGA,2002,1590000
Uganda,UGA,2003,1630000
Uganda,UGA,2004,1650000
Uganda,UGA,2005,1660000
Uganda,UGA,2006,1630000
Uganda,UGA,2007,1590000
Uganda,UGA,2008,1560000
Uganda,UGA,2009,1510000
Uganda,UGA,2010,1450000
Uganda,UGA,2011,1380000
Uganda,UGA,2012,1310000
Uganda,UGA,2013,1230000
Uganda,UGA,2014,1140000
Uganda,UGA,2015,1050000
Uganda,UGA,2016,967651
Ukraine,UKR,1990,567.945
Ukraine,UKR,1991,784.713
Ukraine,UKR,1992,1054.12
Ukraine,UKR,1993,1388.41
Ukraine,UKR,1994,1816.57
Ukraine,UKR,1995,2368.96
Ukraine,UKR,1996,3087.02
Ukraine,UKR,1997,4026
Ukraine,UKR,1998,5254.48
Ukraine,UKR,1999,6838.92
Ukraine,UKR,2000,8829.32
Ukraine,UKR,2001,11248.1
Ukraine,UKR,2002,14083.5
Ukraine,UKR,2003,17286
Ukraine,UKR,2004,20780.4
Ukraine,UKR,2005,24315.5
Ukraine,UKR,2006,27804.2
Ukraine,UKR,2007,31196.5
Ukraine,UKR,2008,34270.5
Ukraine,UKR,2009,37060.8
Ukraine,UKR,2010,39316.2
Ukraine,UKR,2011,41183.6
Ukraine,UKR,2012,42828.3
Ukraine,UKR,2013,43625.1
Ukraine,UKR,2014,43375.5
Ukraine,UKR,2015,42555
Ukraine,UKR,2016,42361
Uruguay,URY,1990,17.1698
Uruguay,URY,1991,27.972
Uruguay,URY,1992,45.7797
Uruguay,URY,1993,74.0114
Uruguay,URY,1994,116.751
Uruguay,URY,1995,178.454
Uruguay,URY,1996,263.233
Uruguay,URY,1997,375.278
Uruguay,URY,1998,467.5
Uruguay,URY,1999,528.205
Uruguay,URY,2000,593.803
Uruguay,URY,2001,666.346
Uruguay,URY,2002,745.331
Uruguay,URY,2003,835.675
Uruguay,URY,2004,970.367
Uruguay,URY,2005,1168.37
Uruguay,URY,2006,1444.46
Uruguay,URY,2007,1758.39
Uruguay,URY,2008,2122.75
Uruguay,URY,2009,2514.98
Uruguay,URY,2010,2899.4
Uruguay,URY,2011,3251.47
Uruguay,URY,2012,3520.65
Uruguay,URY,2013,3603
Uruguay,URY,2014,3590.01
Uruguay,URY,2015,3535.8
Uruguay,URY,2016,3439.01
Venezuela,VEN,1990,210.01
Venezuela,VEN,1991,331.289
Venezuela,VEN,1992,516.908
Venezuela,VEN,1993,794.091
Venezuela,VEN,1994,1197.91
Venezuela,VEN,1995,1770.05
Venezuela,VEN,1996,2555.16
Venezuela,VEN,1997,3594.99
Venezuela,VEN,1998,4922.49
Venezuela,VEN,1999,6557.02
Venezuela,VEN,2000,8501.55
Venezuela,VEN,2001,10510.1
Venezuela,VEN,2002,12303.4
Venezuela,VEN,2003,13839.4
Venezuela,VEN,2004,15195.6
Venezuela,VEN,2005,16475
Venezuela,VEN,2006,17746.2
Venezuela,VEN,2007,18460.2
Venezuela,VEN,2008,18709.6
Venezuela,VEN,2009,19038.5
Venezuela,VEN,2010,19290.1
Venezuela,VEN,2011,19320.2
Venezuela,VEN,2012,19244.7
Venezuela,VEN,2013,19284.9
Venezuela,VEN,2014,19719.4
Venezuela,VEN,2015,20730.4
Venezuela,VEN,2016,21074.2
Vietnam,VNM,1990,22.7377
Vietnam,VNM,1991,48.6956
Vietnam,VNM,1992,102.543
Vietnam,VNM,1993,211.504
Vietnam,VNM,1994,425.301
Vietnam,VNM,1995,829.059
Vietnam,VNM,1996,1558.7
Vietnam,VNM,1997,2804.24
Vietnam,VNM,1998,4789.53
Vietnam,VNM,1999,7743.13
Vietnam,VNM,2000,11891.2
Vietnam,VNM,2001,17405.6
Vietnam,VNM,2002,24371.3
Vietnam,VNM,2003,32716.8
Vietnam,VNM,2004,42229.1
Vietnam,VNM,2005,52549.5
Vietnam,VNM,2006,62787.9
Vietnam,VNM,2007,71637.4
Vietnam,VNM,2008,78528
Vietnam,VNM,2009,81611
Vietnam,VNM,2010,83419.8
Vietnam,VNM,2011,84881.2
Vietnam,VNM,2012,86055.7
Vietnam,VNM,2013,86886.6
Vietnam,VNM,2014,87290.4
Vietnam,VNM,2015,86994.1
Vietnam,VNM,2016,85182.7
West and Central Africa,,1990,288912
West and Central Africa,,1991,387484
West and Central Africa,,1992,510100
West and Central Africa,,1993,659228
West and Central Africa,,1994,835445
West and Central Africa,,1995,1040000
West and Central Africa,,1996,1270000
West and Central Africa,,1997,1540000
West and Central Africa,,1998,1840000
West and Central Africa,,1999,2160000
West and Central Africa,,2000,2520000
West and Central Africa,,2001,2880000
West and Central Africa,,2002,3260000
West and Central Africa,,2003,3650000
West and Central Africa,,2004,4020000
West and Central Africa,,2005,4360000
West and Central Africa,,2006,4660000
West and Central Africa,,2007,4900000
West and Central Africa,,2008,5100000
West and Central Africa,,2009,5220000
West and Central Africa,,2010,5300000
West and Central Africa,,2011,5330000
West and Central Africa,,2012,5340000
West and Central Africa,,2013,5300000
West and Central Africa,,2014,5230000
West and Central Africa,,2015,5130000
West and Central Africa,,2016,5000000
World,OWID_WRL,1990,1260000
World,OWID_WRL,1991,1700000
World,OWID_WRL,1992,2240000
World,OWID_WRL,1993,2890000
World,OWID_WRL,1994,3650000
World,OWID_WRL,1995,4520000
World,OWID_WRL,1996,5520000
World,OWID_WRL,1997,6610000
World,OWID_WRL,1998,7790000
World,OWID_WRL,1999,9060000
World,OWID_WRL,2000,10400000
World,OWID_WRL,2001,11800000
World,OWID_WRL,2002,13300000
World,OWID_WRL,2003,14700000
World,OWID_WRL,2004,16100000
World,OWID_WRL,2005,17400000
World,OWID_WRL,2006,18400000
World,OWID_WRL,2007,19200000
World,OWID_WRL,2008,19600000
World,OWID_WRL,2009,19800000
World,OWID_WRL,2010,19700000
World,OWID_WRL,2011,19500000
World,OWID_WRL,2012,19100000
World,OWID_WRL,2013,18600000
World,OWID_WRL,2014,18000000
World,OWID_WRL,2015,17300000
World,OWID_WRL,2016,16500000
Yemen,YEM,1990,90.9598
Yemen,YEM,1991,141.6
Yemen,YEM,1992,213.467
Yemen,YEM,1993,310.371
Yemen,YEM,1994,433.961
Yemen,YEM,1995,582.19
Yemen,YEM,1996,753.623
Yemen,YEM,1997,945.723
Yemen,YEM,1998,1157.42
Yemen,YEM,1999,1385.43
Yemen,YEM,2000,1625.45
Yemen,YEM,2001,1872.86
Yemen,YEM,2002,2122.81
Yemen,YEM,2003,2370.65
Yemen,YEM,2004,2614.75
Yemen,YEM,2005,2852.1
Yemen,YEM,2006,3080.26
Yemen,YEM,2007,3299.58
Yemen,YEM,2008,3488.94
Yemen,YEM,2009,3618.8
Yemen,YEM,2010,3719.21
Yemen,YEM,2011,3779.46
Yemen,YEM,2012,3855.1
Yemen,YEM,2013,3977.08
Yemen,YEM,2014,4109.07
Yemen,YEM,2015,4206.28
Yemen,YEM,2016,4321.43
Zambia,ZMB,1990,32090.7
Zambia,ZMB,1991,46329.9
Zambia,ZMB,1992,65207.2
Zambia,ZMB,1993,89402.6
Zambia,ZMB,1994,119163
Zambia,ZMB,1995,154689
Zambia,ZMB,1996,196213
Zambia,ZMB,1997,243195
Zambia,ZMB,1998,294294
Zambia,ZMB,1999,348394
Zambia,ZMB,2000,404925
Zambia,ZMB,2001,462582
Zambia,ZMB,2002,519940
Zambia,ZMB,2003,575809
Zambia,ZMB,2004,624905
Zambia,ZMB,2005,664628
Zambia,ZMB,2006,693802
Zambia,ZMB,2007,713135
Zambia,ZMB,2008,714775
Zambia,ZMB,2009,699135
Zambia,ZMB,2010,674426
Zambia,ZMB,2011,643108
Zambia,ZMB,2012,607612
Zambia,ZMB,2013,569354
Zambia,ZMB,2014,528834
Zambia,ZMB,2015,489988
Zambia,ZMB,2016,452944