Entity,Code,Year,TB patients living with HIV receiving ART - Total
Afghanistan,AFG,2007,0
Afghanistan,AFG,2008,0
Afghanistan,AFG,2009,5
Afghanistan,AFG,2010,2
Afghanistan,AFG,2011,4
Afghanistan,AFG,2012,5
Afghanistan,AFG,2015,3
Afghanistan,AFG,2016,8
Albania,ALB,2003,0
Albania,ALB,2006,3
Albania,ALB,2007,1
Albania,ALB,2008,4
Albania,ALB,2009,6
Albania,ALB,2010,0
Albania,ALB,2011,2
Albania,ALB,2012,7
Albania,ALB,2013,2
Albania,ALB,2014,2
Albania,ALB,2015,6
Albania,ALB,2016,6
American Samoa,ASM,2006,0
American Samoa,ASM,2007,0
American Samoa,ASM,2008,0
American Samoa,ASM,2009,0
American Samoa,ASM,2010,0
American Samoa,ASM,2011,0
Andorra,AND,2003,0
Andorra,AND,2007,0
Andorra,AND,2008,0
Andorra,AND,2009,0
Andorra,AND,2010,0
Andorra,AND,2011,0
Andorra,AND,2012,0
Andorra,AND,2013,1
Andorra,AND,2014,0
Andorra,AND,2015,0
Andorra,AND,2016,0
Angola,AGO,2007,60
Angola,AGO,2009,29
Angola,AGO,2010,700
Angola,AGO,2011,789
Angola,AGO,2012,1149
Anguilla,AIA,2003,0
Anguilla,AIA,2006,0
Anguilla,AIA,2007,0
Anguilla,AIA,2009,0
Anguilla,AIA,2010,0
Anguilla,AIA,2011,0
Anguilla,AIA,2012,0
Anguilla,AIA,2013,0
Anguilla,AIA,2014,1
Anguilla,AIA,2016,0
Antigua and Barbuda,ATG,2003,0
Antigua and Barbuda,ATG,2004,2
Antigua and Barbuda,ATG,2005,3
Antigua and Barbuda,ATG,2006,3
Antigua and Barbuda,ATG,2007,0
Antigua and Barbuda,ATG,2008,0
Antigua and Barbuda,ATG,2009,0
Antigua and Barbuda,ATG,2010,5
Antigua and Barbuda,ATG,2011,4
Antigua and Barbuda,ATG,2012,2
Antigua and Barbuda,ATG,2013,4
Antigua and Barbuda,ATG,2014,1
Antigua and Barbuda,ATG,2015,0
Antigua and Barbuda,ATG,2016,0
Argentina,ARG,2008,315
Argentina,ARG,2016,167
Armenia,ARM,2004,0
Armenia,ARM,2005,2
Armenia,ARM,2006,11
Armenia,ARM,2007,4
Armenia,ARM,2008,1
Armenia,ARM,2009,6
Armenia,ARM,2010,7
Armenia,ARM,2011,39
Armenia,ARM,2012,55
Armenia,ARM,2013,48
Armenia,ARM,2014,54
Armenia,ARM,2015,99
Armenia,ARM,2016,57
Aruba,ABW,2012,1
Australia,AUS,2003,12
Australia,AUS,2005,0
Australia,AUS,2006,1
Australia,AUS,2007,10
Australia,AUS,2008,10
Azerbaijan,AZE,2003,0
Azerbaijan,AZE,2011,22
Azerbaijan,AZE,2012,63
Azerbaijan,AZE,2013,78
Azerbaijan,AZE,2014,101
Azerbaijan,AZE,2015,89
Azerbaijan,AZE,2016,78
Bahamas,BHS,2003,12
Bahamas,BHS,2007,4
Bahamas,BHS,2008,11
Bahamas,BHS,2009,10
Bahamas,BHS,2010,12
Bahamas,BHS,2011,8
Bahamas,BHS,2012,5
Bahamas,BHS,2013,5
Bahamas,BHS,2014,8
Bahamas,BHS,2015,7
Bahamas,BHS,2016,23
Bahrain,BHR,2003,0
Bahrain,BHR,2004,0
Bahrain,BHR,2005,0
Bahrain,BHR,2006,0
Bahrain,BHR,2007,0
Bahrain,BHR,2008,1
Bahrain,BHR,2009,0
Bahrain,BHR,2010,0
Bahrain,BHR,2011,0
Bahrain,BHR,2012,1
Bahrain,BHR,2013,0
Bahrain,BHR,2016,1
Bangladesh,BGD,2003,0
Bangladesh,BGD,2008,22
Bangladesh,BGD,2009,1
Bangladesh,BGD,2010,4
Bangladesh,BGD,2011,53
Bangladesh,BGD,2012,63
Bangladesh,BGD,2013,68
Bangladesh,BGD,2014,45
Bangladesh,BGD,2015,82
Bangladesh,BGD,2016,69
Barbados,BRB,2006,2
Barbados,BRB,2007,2
Barbados,BRB,2008,2
Barbados,BRB,2009,0
Barbados,BRB,2010,2
Barbados,BRB,2011,0
Barbados,BRB,2012,2
Barbados,BRB,2013,2
Barbados,BRB,2014,2
Barbados,BRB,2015,0
Barbados,BRB,2016,0
Belarus,BLR,2011,64
Belarus,BLR,2012,153
Belarus,BLR,2013,189
Belarus,BLR,2014,191
Belarus,BLR,2015,174
Belarus,BLR,2016,229
Belize,BLZ,2003,3
Belize,BLZ,2004,4
Belize,BLZ,2005,17
Belize,BLZ,2006,5
Belize,BLZ,2007,10
Belize,BLZ,2008,18
Belize,BLZ,2009,17
Belize,BLZ,2010,29
Belize,BLZ,2011,24
Belize,BLZ,2012,19
Belize,BLZ,2013,25
Belize,BLZ,2014,25
Belize,BLZ,2015,14
Belize,BLZ,2016,36
Benin,BEN,2006,213
Benin,BEN,2007,220
Benin,BEN,2008,261
Benin,BEN,2009,276
Benin,BEN,2010,340
Benin,BEN,2011,537
Benin,BEN,2012,553
Benin,BEN,2013,530
Benin,BEN,2015,531
Benin,BEN,2016,504
Bermuda,BMU,2003,0
Bermuda,BMU,2006,0
Bermuda,BMU,2009,0
Bermuda,BMU,2010,0
Bermuda,BMU,2011,0
Bermuda,BMU,2012,0
Bermuda,BMU,2013,0
Bermuda,BMU,2014,0
Bermuda,BMU,2015,0
Bermuda,BMU,2016,0
Bhutan,BTN,2003,0
Bhutan,BTN,2004,0
Bhutan,BTN,2005,0
Bhutan,BTN,2006,3
Bhutan,BTN,2007,0
Bhutan,BTN,2008,2
Bhutan,BTN,2009,2
Bhutan,BTN,2012,0
Bhutan,BTN,2013,1
Bhutan,BTN,2014,7
Bhutan,BTN,2015,6
Bhutan,BTN,2016,3
Bolivia,BOL,2004,0
Bolivia,BOL,2005,0
Bolivia,BOL,2007,1
Bolivia,BOL,2008,3
Bolivia,BOL,2009,29
Bolivia,BOL,2010,113
Bolivia,BOL,2011,120
Bolivia,BOL,2012,167
Bolivia,BOL,2013,53
Bolivia,BOL,2014,177
Bolivia,BOL,2015,182
Bolivia,BOL,2016,193
Bosnia and Herzegovina,BIH,2008,0
Bosnia and Herzegovina,BIH,2009,0
Bosnia and Herzegovina,BIH,2010,0
Bosnia and Herzegovina,BIH,2011,0
Bosnia and Herzegovina,BIH,2012,0
Bosnia and Herzegovina,BIH,2016,1
Botswana,BWA,2007,1049
Botswana,BWA,2008,1310
Botswana,BWA,2009,1610
Botswana,BWA,2010,1720
Botswana,BWA,2011,2206
Botswana,BWA,2012,2864
Botswana,BWA,2013,3116
Botswana,BWA,2014,2546
Botswana,BWA,2015,2099
Botswana,BWA,2016,2146
Brazil,BRA,2003,8330
Brazil,BRA,2004,4874
Brazil,BRA,2005,6995
Brazil,BRA,2006,7792
Brazil,BRA,2007,7710
Brazil,BRA,2008,7540
Brazil,BRA,2009,7765
Brazil,BRA,2010,8575
Brazil,BRA,2011,9088
Brazil,BRA,2012,9049
Brazil,BRA,2015,2730
Brazil,BRA,2016,3126
British Virgin Islands,VGB,2003,0
British Virgin Islands,VGB,2004,0
British Virgin Islands,VGB,2005,0
British Virgin Islands,VGB,2006,0
British Virgin Islands,VGB,2007,0
British Virgin Islands,VGB,2009,1
British Virgin Islands,VGB,2010,0
British Virgin Islands,VGB,2011,0
British Virgin Islands,VGB,2012,0
British Virgin Islands,VGB,2013,0
British Virgin Islands,VGB,2014,0
British Virgin Islands,VGB,2015,0
British Virgin Islands,VGB,2016,0
Brunei,BRN,2003,1
Brunei,BRN,2004,0
Brunei,BRN,2005,0
Brunei,BRN,2006,0
Brunei,BRN,2007,0
Brunei,BRN,2008,0
Brunei,BRN,2009,2
Brunei,BRN,2010,1
Brunei,BRN,2011,3
Brunei,BRN,2012,2
Brunei,BRN,2013,0
Brunei,BRN,2014,0
Brunei,BRN,2015,1
Brunei,BRN,2016,3
Bulgaria,BGR,2003,10
Bulgaria,BGR,2006,0
Bulgaria,BGR,2007,0
Bulgaria,BGR,2008,0
Bulgaria,BGR,2009,0
Bulgaria,BGR,2010,2
Bulgaria,BGR,2011,5
Bulgaria,BGR,2012,3
Bulgaria,BGR,2016,0
Burkina Faso,BFA,2005,181
Burkina Faso,BFA,2006,287
Burkina Faso,BFA,2007,367
Burkina Faso,BFA,2008,489
Burkina Faso,BFA,2009,483
Burkina Faso,BFA,2010,503
Burkina Faso,BFA,2011,580
Burkina Faso,BFA,2012,531
Burkina Faso,BFA,2013,564
Burkina Faso,BFA,2014,564
Burkina Faso,BFA,2015,427
Burkina Faso,BFA,2016,403
Burundi,BDI,2008,33
Burundi,BDI,2009,423
Burundi,BDI,2010,509
Burundi,BDI,2011,502
Burundi,BDI,2012,588
Burundi,BDI,2013,626
Burundi,BDI,2014,611
Burundi,BDI,2015,851
Burundi,BDI,2016,795
Cambodia,KHM,2006,385
Cambodia,KHM,2007,610
Cambodia,KHM,2008,733
Cambodia,KHM,2009,526
Cambodia,KHM,2010,944
Cambodia,KHM,2011,1306
Cambodia,KHM,2012,1268
Cambodia,KHM,2013,1100
Cambodia,KHM,2014,938
Cambodia,KHM,2015,680
Cambodia,KHM,2016,708
Cameroon,CMR,2006,117
Cameroon,CMR,2007,1994
Cameroon,CMR,2008,2571
Cameroon,CMR,2009,3715
Cameroon,CMR,2010,4235
Cameroon,CMR,2011,4758
Cameroon,CMR,2012,5285
Cameroon,CMR,2013,5955
Cameroon,CMR,2014,5955
Cameroon,CMR,2015,6885
Cameroon,CMR,2016,7575
Cape Verde,CPV,2003,0
Cape Verde,CPV,2005,14
Cape Verde,CPV,2007,17
Cape Verde,CPV,2012,45
Cape Verde,CPV,2013,24
Cape Verde,CPV,2014,25
Cape Verde,CPV,2015,24
Cape Verde,CPV,2016,21
Cayman Islands,CYM,2003,0
Cayman Islands,CYM,2006,0
Cayman Islands,CYM,2007,0
Cayman Islands,CYM,2009,0
Cayman Islands,CYM,2010,0
Cayman Islands,CYM,2011,0
Cayman Islands,CYM,2012,0
Cayman Islands,CYM,2013,1
Cayman Islands,CYM,2014,0
Cayman Islands,CYM,2015,0
Cayman Islands,CYM,2016,0
Central African Republic,CAF,2009,427
Central African Republic,CAF,2010,534
Central African Republic,CAF,2011,68
Central African Republic,CAF,2012,964
Central African Republic,CAF,2013,1125
Central African Republic,CAF,2016,1580
Chad,TCD,2003,0
Chad,TCD,2006,0
Chad,TCD,2007,0
Chad,TCD,2009,299
Chad,TCD,2010,297
Chad,TCD,2011,408
Chad,TCD,2012,440
Chad,TCD,2013,601
Chad,TCD,2014,721
Chad,TCD,2015,865
Chad,TCD,2016,0
Chile,CHL,2014,66
China,CHN,2006,60
China,CHN,2007,519
China,CHN,2008,564
China,CHN,2009,1072
China,CHN,2010,2036
China,CHN,2011,1677
China,CHN,2012,3454
China,CHN,2013,3127
China,CHN,2014,3675
China,CHN,2015,3750
China,CHN,2016,4051
"China, Hong Kong Special Administrative Region",,2003,9
"China, Hong Kong Special Administrative Region",,2004,5
"China, Hong Kong Special Administrative Region",,2005,19
"China, Hong Kong Special Administrative Region",,2006,15
"China, Hong Kong Special Administrative Region",,2007,27
"China, Hong Kong Special Administrative Region",,2008,16
"China, Hong Kong Special Administrative Region",,2009,10
"China, Hong Kong Special Administrative Region",,2010,7
"China, Hong Kong Special Administrative Region",,2015,2
"China, Hong Kong Special Administrative Region",,2016,11
Colombia,COL,2006,362
Colombia,COL,2007,404
Colombia,COL,2009,237
Colombia,COL,2010,433
Colombia,COL,2011,469
Colombia,COL,2012,614
Colombia,COL,2013,489
Colombia,COL,2014,858
Colombia,COL,2015,925
Colombia,COL,2016,1002
Comoros,COM,2004,0
Comoros,COM,2005,2
Comoros,COM,2006,0
Comoros,COM,2007,0
Comoros,COM,2008,0
Comoros,COM,2009,0
Comoros,COM,2010,0
Comoros,COM,2011,4
Comoros,COM,2012,4
Comoros,COM,2013,4
Comoros,COM,2014,1
Comoros,COM,2016,0
Congo,COG,2006,0
Congo,COG,2007,188
Congo,COG,2008,36
Congo,COG,2009,2
Congo,COG,2010,22
Congo,COG,2011,179
Congo,COG,2012,152
Congo,COG,2013,131
Congo,COG,2014,94
Congo,COG,2015,164
Congo,COG,2016,224
Cook Islands,COK,2003,0
Cook Islands,COK,2004,0
Cook Islands,COK,2005,0
Cook Islands,COK,2006,0
Cook Islands,COK,2008,0
Cook Islands,COK,2009,0
Cook Islands,COK,2010,0
Cook Islands,COK,2011,0
Cook Islands,COK,2012,0
Cook Islands,COK,2013,0
Cook Islands,COK,2014,0
Cook Islands,COK,2015,0
Cook Islands,COK,2016,0
Costa Rica,CRI,2003,15
Costa Rica,CRI,2005,42
Costa Rica,CRI,2010,0
Costa Rica,CRI,2011,0
Costa Rica,CRI,2012,54
Costa Rica,CRI,2013,36
Costa Rica,CRI,2014,41
Costa Rica,CRI,2015,31
Costa Rica,CRI,2016,31
Cote d'Ivoire,CIV,2004,0
Cote d'Ivoire,CIV,2005,216
Cote d'Ivoire,CIV,2006,994
Cote d'Ivoire,CIV,2007,1153
Cote d'Ivoire,CIV,2008,1140
Cote d'Ivoire,CIV,2009,1633
Cote d'Ivoire,CIV,2010,1118
Cote d'Ivoire,CIV,2011,1725
Cote d'Ivoire,CIV,2012,3012
Cote d'Ivoire,CIV,2013,3964
Cote d'Ivoire,CIV,2014,3964
Cote d'Ivoire,CIV,2015,3872
Cote d'Ivoire,CIV,2016,3986
Cuba,CUB,2003,14
Cuba,CUB,2004,1
Cuba,CUB,2006,16
Cuba,CUB,2007,13
Cuba,CUB,2008,12
Cuba,CUB,2009,37
Cuba,CUB,2010,35
Cuba,CUB,2011,55
Cuba,CUB,2012,51
Cuba,CUB,2013,43
Cuba,CUB,2014,72
Cuba,CUB,2015,63
Cuba,CUB,2016,66
Cyprus,CYP,2003,0
Cyprus,CYP,2005,0
Cyprus,CYP,2006,0
Cyprus,CYP,2007,0
Cyprus,CYP,2008,1
Democratic Republic of Congo,COD,2002,0
Democratic Republic of Congo,COD,2003,2
Democratic Republic of Congo,COD,2005,3
Democratic Republic of Congo,COD,2006,120
Democratic Republic of Congo,COD,2007,419
Democratic Republic of Congo,COD,2008,724
Democratic Republic of Congo,COD,2009,1296
Democratic Republic of Congo,COD,2010,489
Democratic Republic of Congo,COD,2011,1118
Democratic Republic of Congo,COD,2012,2296
Democratic Republic of Congo,COD,2013,3371
Democratic Republic of Congo,COD,2014,4799
Democratic Republic of Congo,COD,2015,4776
Democratic Republic of Congo,COD,2016,6241
Denmark,DNK,2006,0
Denmark,DNK,2007,0
Djibouti,DJI,2003,6
Djibouti,DJI,2004,13
Djibouti,DJI,2005,20
Djibouti,DJI,2006,95
Djibouti,DJI,2008,55
Djibouti,DJI,2009,47
Djibouti,DJI,2010,27
Djibouti,DJI,2011,39
Djibouti,DJI,2012,83
Djibouti,DJI,2013,36
Djibouti,DJI,2014,109
Djibouti,DJI,2015,138
Djibouti,DJI,2016,90
Dominica,DMA,2006,0
Dominica,DMA,2007,0
Dominica,DMA,2008,1
Dominica,DMA,2009,1
Dominica,DMA,2010,1
Dominica,DMA,2011,0
Dominica,DMA,2012,0
Dominica,DMA,2013,1
Dominica,DMA,2014,0
Dominica,DMA,2015,0
Dominica,DMA,2016,1
Dominican Republic,DOM,2003,0
Dominican Republic,DOM,2004,0
Dominican Republic,DOM,2005,0
Dominican Republic,DOM,2008,0
Dominican Republic,DOM,2009,0
Dominican Republic,DOM,2010,21
Dominican Republic,DOM,2011,430
Dominican Republic,DOM,2012,268
Dominican Republic,DOM,2013,667
Dominican Republic,DOM,2014,667
Dominican Republic,DOM,2015,817
Dominican Republic,DOM,2016,376
Ecuador,ECU,2003,91
Ecuador,ECU,2007,324
Ecuador,ECU,2008,402
Ecuador,ECU,2009,443
Ecuador,ECU,2010,427
Ecuador,ECU,2012,669
Ecuador,ECU,2013,691
Ecuador,ECU,2014,637
Ecuador,ECU,2015,472
Ecuador,ECU,2016,583
Egypt,EGY,2003,2
Egypt,EGY,2006,12
Egypt,EGY,2007,9
Egypt,EGY,2008,9
Egypt,EGY,2009,11
Egypt,EGY,2010,7
Egypt,EGY,2011,12
Egypt,EGY,2012,17
Egypt,EGY,2013,7
Egypt,EGY,2014,12
Egypt,EGY,2015,14
Egypt,EGY,2016,16
El Salvador,SLV,2003,19
El Salvador,SLV,2004,9
El Salvador,SLV,2005,71
El Salvador,SLV,2006,63
El Salvador,SLV,2007,77
El Salvador,SLV,2008,92
El Salvador,SLV,2009,71
El Salvador,SLV,2010,113
El Salvador,SLV,2011,149
El Salvador,SLV,2012,178
El Salvador,SLV,2013,157
El Salvador,SLV,2014,170
El Salvador,SLV,2015,152
El Salvador,SLV,2016,193
Equatorial Guinea,GNQ,2003,0
Equatorial Guinea,GNQ,2007,0
Equatorial Guinea,GNQ,2008,0
Equatorial Guinea,GNQ,2009,66
Equatorial Guinea,GNQ,2010,69
Equatorial Guinea,GNQ,2011,50
Equatorial Guinea,GNQ,2013,258
Equatorial Guinea,GNQ,2014,266
Equatorial Guinea,GNQ,2015,294
Equatorial Guinea,GNQ,2016,45
Eritrea,ERI,2012,0
Eritrea,ERI,2013,23
Eritrea,ERI,2014,115
Eritrea,ERI,2015,103
Eritrea,ERI,2016,128
Estonia,EST,2003,4
Estonia,EST,2008,14
Estonia,EST,2009,23
Estonia,EST,2010,16
Estonia,EST,2011,28
Estonia,EST,2012,30
Estonia,EST,2013,24
Estonia,EST,2014,19
Estonia,EST,2015,21
Estonia,EST,2016,20
Eswatini,SWZ,2006,287
Eswatini,SWZ,2007,1014
Eswatini,SWZ,2008,1929
Eswatini,SWZ,2009,2315
Eswatini,SWZ,2010,2726
Eswatini,SWZ,2011,3283
Eswatini,SWZ,2012,3762
Eswatini,SWZ,2013,3544
Eswatini,SWZ,2014,3123
Eswatini,SWZ,2015,3151
Eswatini,SWZ,2016,2482
Ethiopia,ETH,2005,388
Ethiopia,ETH,2006,354
Ethiopia,ETH,2007,2658
Ethiopia,ETH,2008,3494
Ethiopia,ETH,2009,4515
Ethiopia,ETH,2010,3823
Ethiopia,ETH,2011,2123
Ethiopia,ETH,2012,8022
Ethiopia,ETH,2013,7055
Ethiopia,ETH,2014,3396
Ethiopia,ETH,2015,6848
Ethiopia,ETH,2016,6929
Fiji,FJI,2003,0
Fiji,FJI,2004,0
Fiji,FJI,2005,0
Fiji,FJI,2006,2
Fiji,FJI,2008,0
Fiji,FJI,2009,0
Fiji,FJI,2010,3
Fiji,FJI,2011,3
Fiji,FJI,2012,5
Fiji,FJI,2013,4
Fiji,FJI,2014,11
Fiji,FJI,2015,6
Finland,FIN,2015,4
French Polynesia,PYF,2005,0
French Polynesia,PYF,2006,0
French Polynesia,PYF,2007,0
French Polynesia,PYF,2008,0
French Polynesia,PYF,2009,0
French Polynesia,PYF,2010,0
French Polynesia,PYF,2011,1
French Polynesia,PYF,2012,0
French Polynesia,PYF,2013,0
French Polynesia,PYF,2014,0
French Polynesia,PYF,2015,0
Gabon,GAB,2008,303
Gabon,GAB,2009,348
Gabon,GAB,2010,348
Gabon,GAB,2012,559
Gabon,GAB,2013,442
Gabon,GAB,2014,511
Gabon,GAB,2015,588
Gabon,GAB,2016,332
Gambia,GMB,2003,0
Gambia,GMB,2006,23
Gambia,GMB,2007,12
Gambia,GMB,2008,52
Gambia,GMB,2009,35
Gambia,GMB,2010,103
Gambia,GMB,2012,146
Gambia,GMB,2013,101
Gambia,GMB,2014,205
Gambia,GMB,2015,186
Gambia,GMB,2016,221
Georgia,GEO,2003,0
Georgia,GEO,2004,9
Georgia,GEO,2005,13
Georgia,GEO,2006,9
Georgia,GEO,2007,21
Georgia,GEO,2008,17
Georgia,GEO,2009,18
Georgia,GEO,2010,27
Georgia,GEO,2011,38
Georgia,GEO,2012,36
Georgia,GEO,2013,49
Georgia,GEO,2014,56
Georgia,GEO,2015,68
Georgia,GEO,2016,56
Germany,DEU,2003,70
Ghana,GHA,2003,360
Ghana,GHA,2004,0
Ghana,GHA,2005,125
Ghana,GHA,2006,99
Ghana,GHA,2007,275
Ghana,GHA,2008,384
Ghana,GHA,2009,531
Ghana,GHA,2010,487
Ghana,GHA,2011,812
Ghana,GHA,2012,1033
Ghana,GHA,2013,1009
Ghana,GHA,2014,1104
Ghana,GHA,2015,1033
Ghana,GHA,2016,1207
Greece,GRC,2013,26
Greenland,GRL,2008,1
Greenland,GRL,2009,0
Greenland,GRL,2013,1
Greenland,GRL,2015,0
Greenland,GRL,2016,0
Grenada,GRD,2003,0
Grenada,GRD,2006,0
Grenada,GRD,2007,0
Grenada,GRD,2008,2
Grenada,GRD,2009,1
Grenada,GRD,2010,0
Grenada,GRD,2011,0
Grenada,GRD,2015,2
Grenada,GRD,2016,0
Guam,GUM,2003,0
Guam,GUM,2004,0
Guam,GUM,2005,0
Guam,GUM,2006,0
Guam,GUM,2007,0
Guam,GUM,2008,1
Guam,GUM,2009,0
Guam,GUM,2010,1
Guam,GUM,2011,0
Guam,GUM,2012,0
Guam,GUM,2013,0
Guam,GUM,2014,0
Guam,GUM,2015,0
Guam,GUM,2016,0
Guatemala,GTM,2003,140
Guatemala,GTM,2004,781
Guatemala,GTM,2005,1160
Guatemala,GTM,2007,78
Guatemala,GTM,2008,326
Guatemala,GTM,2009,260
Guatemala,GTM,2010,255
Guatemala,GTM,2011,86
Guatemala,GTM,2012,147
Guatemala,GTM,2013,251
Guatemala,GTM,2014,228
Guatemala,GTM,2015,167
Guatemala,GTM,2016,210
Guinea,GIN,2003,0
Guinea,GIN,2007,140
Guinea,GIN,2008,47
Guinea,GIN,2009,84
Guinea,GIN,2010,614
Guinea,GIN,2011,812
Guinea,GIN,2012,903
Guinea,GIN,2013,1534
Guinea,GIN,2014,1353
Guinea,GIN,2015,1601
Guinea,GIN,2016,1800
Guinea-Bissau,GNB,2005,33
Guinea-Bissau,GNB,2006,43
Guinea-Bissau,GNB,2007,38
Guinea-Bissau,GNB,2011,0
Guinea-Bissau,GNB,2012,38
Guinea-Bissau,GNB,2013,104
Guinea-Bissau,GNB,2014,149
Guinea-Bissau,GNB,2015,161
Guinea-Bissau,GNB,2016,247
Guyana,GUY,2003,30
Guyana,GUY,2006,24
Guyana,GUY,2007,72
Guyana,GUY,2008,73
Guyana,GUY,2009,108
Guyana,GUY,2010,124
Guyana,GUY,2011,165
Guyana,GUY,2012,168
Guyana,GUY,2013,101
Guyana,GUY,2014,103
Guyana,GUY,2015,91
Guyana,GUY,2016,107
Haiti,HTI,2007,256
Haiti,HTI,2008,203
Haiti,HTI,2009,177
Haiti,HTI,2010,185
Haiti,HTI,2011,161
Haiti,HTI,2012,1252
Haiti,HTI,2013,1661
Haiti,HTI,2014,1396
Haiti,HTI,2015,1874
Haiti,HTI,2016,1673
Honduras,HND,2003,0
Honduras,HND,2005,0
Honduras,HND,2006,383
Honduras,HND,2008,205
Honduras,HND,2009,170
Honduras,HND,2010,180
Honduras,HND,2011,188
Honduras,HND,2012,150
Honduras,HND,2013,242
Honduras,HND,2014,210
Honduras,HND,2015,218
Honduras,HND,2016,175
Hungary,HUN,2010,1
Hungary,HUN,2011,1
Iceland,ISL,2003,1
Iceland,ISL,2004,1
Iceland,ISL,2005,1
Iceland,ISL,2006,1
Iceland,ISL,2008,0
Iceland,ISL,2009,0
Iceland,ISL,2010,0
Iceland,ISL,2011,0
Iceland,ISL,2012,0
Iceland,ISL,2013,0
Iceland,ISL,2014,0
India,IND,2007,162
India,IND,2008,2487
India,IND,2009,18188
India,IND,2010,23641
India,IND,2011,26165
India,IND,2012,25790
India,IND,2013,39821
India,IND,2014,39800
India,IND,2015,40925
India,IND,2016,39123
Indonesia,IDN,2009,201
Indonesia,IDN,2010,325
Indonesia,IDN,2011,990
Indonesia,IDN,2012,1063
Indonesia,IDN,2013,1149
Indonesia,IDN,2014,624
Indonesia,IDN,2015,757
Indonesia,IDN,2016,1228
Iran,IRN,2003,7
Iran,IRN,2006,4
Iran,IRN,2007,33
Iran,IRN,2008,28
Iran,IRN,2009,47
Iran,IRN,2010,72
Iran,IRN,2011,109
Iran,IRN,2012,140
Iran,IRN,2013,107
Iran,IRN,2014,100
Iran,IRN,2015,120
Iran,IRN,2016,151
Iraq,IRQ,2006,0
Iraq,IRQ,2007,0
Iraq,IRQ,2008,0
Iraq,IRQ,2009,0
Iraq,IRQ,2010,0
Iraq,IRQ,2011,1
Iraq,IRQ,2012,1
Iraq,IRQ,2013,0
Iraq,IRQ,2014,0
Iraq,IRQ,2015,0
Iraq,IRQ,2016,0
Ireland,IRL,2012,2
Ireland,IRL,2013,4
Ireland,IRL,2014,7
Ireland,IRL,2015,2
Ireland,IRL,2016,3
Israel,ISR,2008,12
Israel,ISR,2009,8
Israel,ISR,2016,16
Jamaica,JAM,2003,3
Jamaica,JAM,2004,4
Jamaica,JAM,2005,15
Jamaica,JAM,2006,18
Jamaica,JAM,2007,12
Jamaica,JAM,2008,16
Jamaica,JAM,2009,29
Jamaica,JAM,2010,30
Jamaica,JAM,2011,14
Jamaica,JAM,2013,14
Jamaica,JAM,2014,18
Jamaica,JAM,2015,15
Jamaica,JAM,2016,25
Jordan,JOR,2003,0
Jordan,JOR,2004,0
Jordan,JOR,2005,0
Jordan,JOR,2006,0
Jordan,JOR,2007,1
Jordan,JOR,2008,0
Jordan,JOR,2009,0
Jordan,JOR,2010,0
Jordan,JOR,2011,1
Jordan,JOR,2012,0
Jordan,JOR,2013,0
Jordan,JOR,2014,0
Jordan,JOR,2015,0
Jordan,JOR,2016,1
Kazakhstan,KAZ,2003,0
Kazakhstan,KAZ,2005,14
Kazakhstan,KAZ,2006,37
Kazakhstan,KAZ,2007,22
Kazakhstan,KAZ,2008,29
Kazakhstan,KAZ,2009,22
Kazakhstan,KAZ,2010,25
Kazakhstan,KAZ,2011,32
Kazakhstan,KAZ,2012,256
Kazakhstan,KAZ,2013,271
Kazakhstan,KAZ,2014,472
Kazakhstan,KAZ,2015,275
Kazakhstan,KAZ,2016,478
Kenya,KEN,2005,1546
Kenya,KEN,2006,15447
Kenya,KEN,2007,16324
Kenya,KEN,2008,12426
Kenya,KEN,2009,14250
Kenya,KEN,2010,19331
Kenya,KEN,2011,24497
Kenya,KEN,2012,31691
Kenya,KEN,2013,27431
Kenya,KEN,2014,26142
Kenya,KEN,2015,25030
Kenya,KEN,2016,21784
Kiribati,KIR,2003,0
Kiribati,KIR,2004,0
Kiribati,KIR,2005,0
Kiribati,KIR,2006,0
Kiribati,KIR,2007,0
Kiribati,KIR,2008,0
Kiribati,KIR,2009,0
Kiribati,KIR,2010,0
Kiribati,KIR,2011,0
Kiribati,KIR,2012,0
Kiribati,KIR,2013,0
Kiribati,KIR,2014,1
Kiribati,KIR,2015,1
Kiribati,KIR,2016,0
Kuwait,KWT,2000,3
Kuwait,KWT,2001,2
Kuwait,KWT,2002,3
Kuwait,KWT,2003,4
Kuwait,KWT,2004,2
Kuwait,KWT,2005,3
Kuwait,KWT,2006,2
Kuwait,KWT,2007,2
Kuwait,KWT,2008,2
Kuwait,KWT,2009,4
Kuwait,KWT,2010,3
Kuwait,KWT,2011,0
Kuwait,KWT,2012,3
Kuwait,KWT,2013,0
Kuwait,KWT,2014,1
Kuwait,KWT,2015,3
Kuwait,KWT,2016,0
Kyrgyzstan,KGZ,2005,4
Kyrgyzstan,KGZ,2009,19
Kyrgyzstan,KGZ,2010,68
Kyrgyzstan,KGZ,2011,131
Kyrgyzstan,KGZ,2012,118
Kyrgyzstan,KGZ,2013,110
Kyrgyzstan,KGZ,2014,112
Kyrgyzstan,KGZ,2015,194
Kyrgyzstan,KGZ,2016,144
Laos,LAO,2003,15
Laos,LAO,2006,85
Laos,LAO,2007,61
Laos,LAO,2008,130
Laos,LAO,2013,215
Laos,LAO,2014,200
Laos,LAO,2016,205
Latvia,LVA,2005,29
Latvia,LVA,2006,36
Latvia,LVA,2007,30
Latvia,LVA,2008,21
Latvia,LVA,2009,44
Latvia,LVA,2010,54
Latvia,LVA,2011,47
Latvia,LVA,2012,65
Latvia,LVA,2013,47
Latvia,LVA,2014,55
Latvia,LVA,2015,47
Latvia,LVA,2016,34
Lebanon,LBN,2006,0
Lebanon,LBN,2007,3
Lebanon,LBN,2008,10
Lebanon,LBN,2009,25
Lebanon,LBN,2010,7
Lebanon,LBN,2011,9
Lebanon,LBN,2012,3
Lebanon,LBN,2013,4
Lebanon,LBN,2014,6
Lebanon,LBN,2015,4
Lebanon,LBN,2016,3
Lesotho,LSO,2006,199
Lesotho,LSO,2007,907
Lesotho,LSO,2008,1857
Lesotho,LSO,2009,2235
Lesotho,LSO,2010,2273
Lesotho,LSO,2011,5756
Lesotho,LSO,2012,6102
Lesotho,LSO,2013,6536
Lesotho,LSO,2014,4866
Lesotho,LSO,2015,4152
Lesotho,LSO,2016,4243
Liberia,LBR,2008,25
Liberia,LBR,2009,35
Liberia,LBR,2010,0
Liberia,LBR,2011,42
Liberia,LBR,2012,162
Liberia,LBR,2013,264
Liberia,LBR,2014,112
Liberia,LBR,2015,154
Liberia,LBR,2016,390
Libya,LBY,2007,116
Macao,MAC,2003,1
Macao,MAC,2004,0
Macao,MAC,2005,1
Macao,MAC,2006,0
Macao,MAC,2007,1
Macao,MAC,2008,1
Macao,MAC,2009,0
Macao,MAC,2010,1
Macao,MAC,2011,1
Macao,MAC,2012,1
Macao,MAC,2013,4
Macao,MAC,2014,5
Macao,MAC,2015,1
Macao,MAC,2016,2
Madagascar,MDG,2006,0
Madagascar,MDG,2007,0
Madagascar,MDG,2009,5
Madagascar,MDG,2010,14
Madagascar,MDG,2012,19
Madagascar,MDG,2013,63
Madagascar,MDG,2014,98
Madagascar,MDG,2015,89
Madagascar,MDG,2016,97
Malawi,MWI,2003,44
Malawi,MWI,2005,4156
Malawi,MWI,2006,4348
Malawi,MWI,2007,6571
Malawi,MWI,2008,5230
Malawi,MWI,2009,6154
Malawi,MWI,2010,5718
Malawi,MWI,2011,6165
Malawi,MWI,2012,9144
Malawi,MWI,2013,8777
Malawi,MWI,2014,8162
Malawi,MWI,2015,7959
Malawi,MWI,2016,8334
Malaysia,MYS,2006,0
Malaysia,MYS,2007,72
Malaysia,MYS,2008,791
Malaysia,MYS,2009,164
Malaysia,MYS,2010,352
Malaysia,MYS,2011,790
Malaysia,MYS,2012,434
Malaysia,MYS,2013,407
Malaysia,MYS,2014,453
Malaysia,MYS,2015,574
Malaysia,MYS,2016,437
Maldives,MDV,2008,0
Maldives,MDV,2009,0
Maldives,MDV,2010,0
Maldives,MDV,2011,0
Maldives,MDV,2012,0
Maldives,MDV,2013,0
Maldives,MDV,2014,0
Maldives,MDV,2015,0
Maldives,MDV,2016,1
Mali,MLI,2008,17
Mali,MLI,2009,61
Mali,MLI,2010,217
Mali,MLI,2011,278
Mali,MLI,2012,404
Mali,MLI,2013,336
Mali,MLI,2014,367
Mali,MLI,2015,465
Mali,MLI,2016,456
Malta,MLT,2003,1
Malta,MLT,2005,0
Malta,MLT,2006,1
Malta,MLT,2007,2
Malta,MLT,2008,5
Malta,MLT,2015,4
Malta,MLT,2016,8
Marshall Islands,MHL,2003,0
Marshall Islands,MHL,2006,0
Marshall Islands,MHL,2007,0
Marshall Islands,MHL,2008,0
Marshall Islands,MHL,2009,2
Marshall Islands,MHL,2010,0
Marshall Islands,MHL,2011,0
Marshall Islands,MHL,2012,0
Marshall Islands,MHL,2013,1
Marshall Islands,MHL,2014,0
Marshall Islands,MHL,2015,1
Marshall Islands,MHL,2016,0
Mauritania,MRT,2005,0
Mauritania,MRT,2007,54
Mauritania,MRT,2008,52
Mauritania,MRT,2010,55
Mauritania,MRT,2011,12
Mauritania,MRT,2012,0
Mauritania,MRT,2013,0
Mauritius,MUS,2003,2
Mauritius,MUS,2004,2
Mauritius,MUS,2005,1
Mauritius,MUS,2006,4
Mauritius,MUS,2007,6
Mauritius,MUS,2008,5
Mauritius,MUS,2009,5
Mauritius,MUS,2010,6
Mauritius,MUS,2011,5
Mauritius,MUS,2012,9
Mauritius,MUS,2013,23
Mauritius,MUS,2014,15
Mauritius,MUS,2015,14
Mauritius,MUS,2016,13
Mexico,MEX,2003,412
Mexico,MEX,2007,146
Mexico,MEX,2008,220
Mexico,MEX,2009,216
Mexico,MEX,2010,424
Mexico,MEX,2011,373
Mexico,MEX,2012,298
Mexico,MEX,2013,512
Mexico,MEX,2014,755
Mexico,MEX,2015,2120
Mexico,MEX,2016,2493
Micronesia (country),FSM,2003,0
Micronesia (country),FSM,2005,0
Micronesia (country),FSM,2006,0
Micronesia (country),FSM,2007,0
Micronesia (country),FSM,2008,0
Micronesia (country),FSM,2009,0
Micronesia (country),FSM,2010,0
Micronesia (country),FSM,2011,0
Micronesia (country),FSM,2012,0
Micronesia (country),FSM,2013,0
Micronesia (country),FSM,2014,0
Micronesia (country),FSM,2015,0
Micronesia (country),FSM,2016,0
Moldova,MDA,2003,0
Moldova,MDA,2006,16
Moldova,MDA,2007,49
Moldova,MDA,2008,72
Moldova,MDA,2010,97
Moldova,MDA,2012,103
Moldova,MDA,2013,165
Moldova,MDA,2014,140
Moldova,MDA,2015,197
Moldova,MDA,2016,193
Monaco,MCO,2014,0
Monaco,MCO,2015,0
Mongolia,MNG,2003,0
Mongolia,MNG,2004,0
Mongolia,MNG,2005,1
Mongolia,MNG,2006,1
Mongolia,MNG,2007,1
Mongolia,MNG,2008,1
Mongolia,MNG,2009,0
Mongolia,MNG,2010,2
Mongolia,MNG,2011,3
Mongolia,MNG,2012,3
Mongolia,MNG,2013,1
Mongolia,MNG,2014,6
Mongolia,MNG,2015,6
Mongolia,MNG,2016,6
Montenegro,MNE,2005,0
Montenegro,MNE,2006,1
Montenegro,MNE,2007,1
Montenegro,MNE,2008,0
Montenegro,MNE,2009,0
Montenegro,MNE,2010,1
Montenegro,MNE,2011,0
Montenegro,MNE,2012,0
Montenegro,MNE,2013,2
Montenegro,MNE,2014,0
Montenegro,MNE,2015,1
Montenegro,MNE,2016,0
Montserrat,MSR,2003,1
Montserrat,MSR,2004,1
Montserrat,MSR,2005,0
Montserrat,MSR,2009,0
Montserrat,MSR,2010,0
Montserrat,MSR,2011,0
Montserrat,MSR,2012,0
Montserrat,MSR,2013,0
Montserrat,MSR,2015,0
Montserrat,MSR,2016,0
Morocco,MAR,2008,0
Morocco,MAR,2009,45
Morocco,MAR,2010,17
Morocco,MAR,2011,28
Morocco,MAR,2012,357
Morocco,MAR,2013,78
Morocco,MAR,2014,351
Morocco,MAR,2015,316
Morocco,MAR,2016,172
Mozambique,MOZ,2006,2789
Mozambique,MOZ,2007,4105
Mozambique,MOZ,2008,5816
Mozambique,MOZ,2009,5622
Mozambique,MOZ,2010,6250
Mozambique,MOZ,2011,7661
Mozambique,MOZ,2012,15395
Mozambique,MOZ,2013,20449
Mozambique,MOZ,2014,23801
Mozambique,MOZ,2015,27417
Mozambique,MOZ,2016,28964
Myanmar,MMR,2005,4
Myanmar,MMR,2006,14
Myanmar,MMR,2007,395
Myanmar,MMR,2008,650
Myanmar,MMR,2009,608
Myanmar,MMR,2010,899
Myanmar,MMR,2011,593
Myanmar,MMR,2012,562
Myanmar,MMR,2013,2635
Myanmar,MMR,2014,2319
Myanmar,MMR,2015,3034
Myanmar,MMR,2016,6351
Namibia,NAM,2002,0
Namibia,NAM,2003,0
Namibia,NAM,2007,749
Namibia,NAM,2008,2019
Namibia,NAM,2009,1995
Namibia,NAM,2010,2294
Namibia,NAM,2011,2700
Namibia,NAM,2012,3362
Namibia,NAM,2013,3491
Namibia,NAM,2014,3360
Namibia,NAM,2015,3480
Namibia,NAM,2016,3209
Nauru,NRU,2004,0
Nauru,NRU,2005,0
Nauru,NRU,2006,0
Nauru,NRU,2007,0
Nauru,NRU,2008,0
Nauru,NRU,2009,0
Nauru,NRU,2010,0
Nauru,NRU,2011,0
Nauru,NRU,2013,0
Nauru,NRU,2014,0
Nauru,NRU,2015,0
Nauru,NRU,2016,0
Nepal,NPL,2003,0
Nepal,NPL,2006,0
Nepal,NPL,2007,0
Nepal,NPL,2010,0
Nepal,NPL,2011,55
Nepal,NPL,2012,138
Nepal,NPL,2013,65
Nepal,NPL,2014,273
Nepal,NPL,2015,133
Nepal,NPL,2016,227
Netherlands,NLD,2007,77
Netherlands,NLD,2008,97
Netherlands,NLD,2016,13
New Caledonia,NCL,2003,0
New Caledonia,NCL,2004,1
New Caledonia,NCL,2005,0
New Caledonia,NCL,2006,0
New Caledonia,NCL,2007,0
New Caledonia,NCL,2009,0
New Caledonia,NCL,2010,0
New Zealand,NZL,2015,1
Nicaragua,NIC,2003,0
Nicaragua,NIC,2006,0
Nicaragua,NIC,2007,0
Nicaragua,NIC,2008,28
Nicaragua,NIC,2009,30
Nicaragua,NIC,2010,40
Nicaragua,NIC,2011,40
Nicaragua,NIC,2012,105
Nicaragua,NIC,2013,75
Nicaragua,NIC,2014,78
Nicaragua,NIC,2015,115
Nicaragua,NIC,2016,99
Niger,NER,2005,52
Niger,NER,2006,0
Niger,NER,2007,0
Niger,NER,2008,0
Niger,NER,2009,0
Niger,NER,2010,0
Niger,NER,2011,16
Niger,NER,2012,69
Niger,NER,2013,286
Niger,NER,2014,111
Niger,NER,2015,287
Niger,NER,2016,374
Nigeria,NGA,2007,0
Nigeria,NGA,2008,6889
Nigeria,NGA,2009,7026
Nigeria,NGA,2010,5902
Nigeria,NGA,2011,8410
Nigeria,NGA,2012,10866
Nigeria,NGA,2013,12923
Nigeria,NGA,2014,11997
Nigeria,NGA,2015,11141
Nigeria,NGA,2016,11934
Niue,NIU,2004,0
Niue,NIU,2005,0
Niue,NIU,2006,0
Niue,NIU,2007,0
Niue,NIU,2008,0
Niue,NIU,2009,0
Niue,NIU,2010,0
Niue,NIU,2011,0
Niue,NIU,2013,0
Niue,NIU,2014,0
Niue,NIU,2015,0
North Korea,PRK,2003,0
North Korea,PRK,2007,0
North Korea,PRK,2008,0
North Korea,PRK,2009,0
North Korea,PRK,2010,0
North Korea,PRK,2011,0
North Korea,PRK,2012,0
North Korea,PRK,2013,0
North Korea,PRK,2014,0
North Korea,PRK,2015,0
North Macedonia,MKD,2003,0
North Macedonia,MKD,2004,0
North Macedonia,MKD,2005,0
North Macedonia,MKD,2006,0
North Macedonia,MKD,2007,0
North Macedonia,MKD,2008,2
North Macedonia,MKD,2009,0
North Macedonia,MKD,2010,0
North Macedonia,MKD,2011,0
North Macedonia,MKD,2012,0
North Macedonia,MKD,2013,0
North Macedonia,MKD,2014,1
North Macedonia,MKD,2015,0
North Macedonia,MKD,2016,0
Northern Mariana Islands,MNP,2003,0
Northern Mariana Islands,MNP,2004,0
Northern Mariana Islands,MNP,2005,0
Northern Mariana Islands,MNP,2006,0
Northern Mariana Islands,MNP,2007,0
Northern Mariana Islands,MNP,2008,0
Northern Mariana Islands,MNP,2009,0
Northern Mariana Islands,MNP,2010,0
Northern Mariana Islands,MNP,2011,0
Northern Mariana Islands,MNP,2012,1
Northern Mariana Islands,MNP,2013,1
Northern Mariana Islands,MNP,2014,0
Northern Mariana Islands,MNP,2015,0
Northern Mariana Islands,MNP,2016,0
Norway,NOR,2012,4
Norway,NOR,2016,10
Oman,OMN,2003,0
Oman,OMN,2005,10
Oman,OMN,2006,10
Oman,OMN,2007,14
Oman,OMN,2008,8
Oman,OMN,2009,3
Oman,OMN,2010,4
Oman,OMN,2011,7
Oman,OMN,2012,14
Oman,OMN,2013,5
Oman,OMN,2014,3
Oman,OMN,2015,4
Oman,OMN,2016,10
Pakistan,PAK,2004,0
Pakistan,PAK,2005,0
Pakistan,PAK,2006,0
Pakistan,PAK,2007,0
Pakistan,PAK,2008,17
Pakistan,PAK,2009,12
Pakistan,PAK,2010,12
Pakistan,PAK,2011,19
Pakistan,PAK,2012,22
Pakistan,PAK,2013,37
Pakistan,PAK,2014,90
Pakistan,PAK,2015,59
Pakistan,PAK,2016,68
Palau,PLW,2003,0
Palau,PLW,2004,0
Palau,PLW,2005,0
Palau,PLW,2006,0
Palau,PLW,2007,0
Palau,PLW,2008,0
Palau,PLW,2009,0
Palau,PLW,2010,0
Palau,PLW,2011,0
Palau,PLW,2012,0
Palau,PLW,2013,0
Palau,PLW,2014,0
Palau,PLW,2015,0
Palau,PLW,2016,0
Palestine,PSE,2003,0
Palestine,PSE,2004,0
Palestine,PSE,2005,0
Palestine,PSE,2006,0
Palestine,PSE,2007,0
Palestine,PSE,2008,0
Palestine,PSE,2009,0
Palestine,PSE,2010,0
Palestine,PSE,2011,0
Palestine,PSE,2012,0
Palestine,PSE,2013,0
Palestine,PSE,2014,0
Palestine,PSE,2015,0
Panama,PAN,2003,35
Panama,PAN,2004,34
Panama,PAN,2005,20
Panama,PAN,2006,56
Panama,PAN,2007,95
Panama,PAN,2008,36
Panama,PAN,2009,107
Panama,PAN,2010,201
Panama,PAN,2011,224
Panama,PAN,2012,224
Panama,PAN,2013,205
Panama,PAN,2014,117
Panama,PAN,2015,184
Panama,PAN,2016,190
Papua New Guinea,PNG,2003,0
Papua New Guinea,PNG,2004,40
Papua New Guinea,PNG,2007,320
Papua New Guinea,PNG,2008,555
Papua New Guinea,PNG,2012,200
Papua New Guinea,PNG,2013,307
Papua New Guinea,PNG,2014,484
Papua New Guinea,PNG,2015,494
Papua New Guinea,PNG,2016,642
Paraguay,PRY,2008,58
Paraguay,PRY,2009,72
Paraguay,PRY,2010,96
Paraguay,PRY,2011,98
Paraguay,PRY,2012,121
Paraguay,PRY,2013,121
Paraguay,PRY,2014,165
Paraguay,PRY,2015,150
Paraguay,PRY,2016,176
Peru,PER,2003,15
Peru,PER,2006,15
Peru,PER,2007,0
Peru,PER,2008,128
Peru,PER,2009,123
Peru,PER,2010,10
Peru,PER,2011,657
Peru,PER,2012,847
Peru,PER,2013,795
Peru,PER,2014,913
Peru,PER,2015,952
Peru,PER,2016,1044
Philippines,PHL,2003,0
Philippines,PHL,2006,0
Philippines,PHL,2007,0
Philippines,PHL,2008,0
Philippines,PHL,2009,0
Philippines,PHL,2010,0
Philippines,PHL,2014,53
Philippines,PHL,2015,178
Philippines,PHL,2016,820
Portugal,PRT,2006,0
Portugal,PRT,2007,467
Portugal,PRT,2008,442
Portugal,PRT,2009,392
Portugal,PRT,2010,303
Puerto Rico,PRI,2006,10
Puerto Rico,PRI,2007,6
Puerto Rico,PRI,2008,2
Puerto Rico,PRI,2009,5
Puerto Rico,PRI,2010,7
Puerto Rico,PRI,2011,5
Puerto Rico,PRI,2012,4
Puerto Rico,PRI,2013,6
Puerto Rico,PRI,2014,2
Puerto Rico,PRI,2015,6
Puerto Rico,PRI,2016,5
Qatar,QAT,2003,1
Qatar,QAT,2004,0
Qatar,QAT,2005,0
Qatar,QAT,2006,0
Qatar,QAT,2007,0
Qatar,QAT,2008,1
Qatar,QAT,2009,0
Qatar,QAT,2010,0
Qatar,QAT,2011,0
Qatar,QAT,2012,1
Qatar,QAT,2013,0
Qatar,QAT,2014,0
Qatar,QAT,2015,0
Qatar,QAT,2016,0
Romania,ROU,2008,162
Romania,ROU,2009,175
Romania,ROU,2010,214
Romania,ROU,2011,219
Romania,ROU,2012,219
Romania,ROU,2013,248
Romania,ROU,2014,278
Romania,ROU,2015,263
Romania,ROU,2016,254
Russia,RUS,2006,1037
Russia,RUS,2007,1089
Russia,RUS,2008,1403
Russia,RUS,2009,5472
Russia,RUS,2010,7225
Russia,RUS,2016,10549
Rwanda,RWA,2005,292
Rwanda,RWA,2006,789
Rwanda,RWA,2007,1036
Rwanda,RWA,2008,1534
Rwanda,RWA,2009,1587
Rwanda,RWA,2010,1587
Rwanda,RWA,2011,1395
Rwanda,RWA,2012,1396
Rwanda,RWA,2013,1142
Rwanda,RWA,2014,1297
Rwanda,RWA,2015,1237
Rwanda,RWA,2016,1000
Saint Kitts and Nevis,KNA,2003,0
Saint Kitts and Nevis,KNA,2009,0
Saint Kitts and Nevis,KNA,2010,0
Saint Kitts and Nevis,KNA,2011,0
Saint Kitts and Nevis,KNA,2012,0
Saint Kitts and Nevis,KNA,2013,0
Saint Kitts and Nevis,KNA,2014,1
Saint Kitts and Nevis,KNA,2016,0
Saint Lucia,LCA,2003,0
Saint Lucia,LCA,2006,0
Saint Lucia,LCA,2007,2
Saint Lucia,LCA,2008,1
Saint Lucia,LCA,2009,0
Saint Lucia,LCA,2010,0
Saint Lucia,LCA,2011,1
Saint Lucia,LCA,2012,1
Saint Lucia,LCA,2013,0
Saint Lucia,LCA,2014,1
Saint Lucia,LCA,2015,1
Saint Lucia,LCA,2016,1
Saint Vincent and the Grenadines,VCT,2003,1
Saint Vincent and the Grenadines,VCT,2004,2
Saint Vincent and the Grenadines,VCT,2005,0
Saint Vincent and the Grenadines,VCT,2006,2
Saint Vincent and the Grenadines,VCT,2007,5
Saint Vincent and the Grenadines,VCT,2008,2
Saint Vincent and the Grenadines,VCT,2009,1
Saint Vincent and the Grenadines,VCT,2010,3
Saint Vincent and the Grenadines,VCT,2011,4
Saint Vincent and the Grenadines,VCT,2012,6
Saint Vincent and the Grenadines,VCT,2015,1
Saint Vincent and the Grenadines,VCT,2016,0
Samoa,WSM,2003,0
Samoa,WSM,2004,0
Samoa,WSM,2005,0
Samoa,WSM,2006,0
Samoa,WSM,2007,0
Samoa,WSM,2008,0
Samoa,WSM,2009,0
Samoa,WSM,2010,0
Samoa,WSM,2011,0
Samoa,WSM,2012,0
Samoa,WSM,2013,0
Samoa,WSM,2014,0
Samoa,WSM,2015,0
Samoa,WSM,2016,0
Sao Tome and Principe,STP,2005,0
Sao Tome and Principe,STP,2006,0
Sao Tome and Principe,STP,2007,2
Sao Tome and Principe,STP,2008,3
Sao Tome and Principe,STP,2009,3
Sao Tome and Principe,STP,2010,7
Sao Tome and Principe,STP,2011,15
Sao Tome and Principe,STP,2012,18
Sao Tome and Principe,STP,2013,30
Sao Tome and Principe,STP,2014,28
Sao Tome and Principe,STP,2015,24
Sao Tome and Principe,STP,2016,37
Saudi Arabia,SAU,2007,28
Saudi Arabia,SAU,2008,31
Saudi Arabia,SAU,2016,43
Senegal,SEN,2007,119
Senegal,SEN,2008,206
Senegal,SEN,2009,123
Senegal,SEN,2010,289
Senegal,SEN,2011,421
Senegal,SEN,2012,561
Senegal,SEN,2013,628
Senegal,SEN,2014,708
Senegal,SEN,2015,726
Senegal,SEN,2016,703
Serbia,SRB,2005,12
Serbia,SRB,2006,5
Serbia,SRB,2007,9
Serbia,SRB,2008,5
Serbia,SRB,2009,5
Serbia,SRB,2010,12
Serbia,SRB,2011,6
Serbia,SRB,2012,6
Serbia,SRB,2013,19
Serbia,SRB,2014,8
Serbia,SRB,2015,4
Serbia,SRB,2016,5
Seychelles,SYC,2003,0
Seychelles,SYC,2004,2
Seychelles,SYC,2005,2
Seychelles,SYC,2008,0
Seychelles,SYC,2009,3
Seychelles,SYC,2010,1
Seychelles,SYC,2011,4
Seychelles,SYC,2012,3
Seychelles,SYC,2013,1
Seychelles,SYC,2014,1
Seychelles,SYC,2015,0
Seychelles,SYC,2016,1
Sierra Leone,SLE,2002,0
Sierra Leone,SLE,2009,127
Sierra Leone,SLE,2010,190
Sierra Leone,SLE,2011,253
Sierra Leone,SLE,2012,931
Sierra Leone,SLE,2013,901
Sierra Leone,SLE,2014,887
Sierra Leone,SLE,2015,1118
Sierra Leone,SLE,2016,1522
Slovakia,SVK,2003,1
Slovakia,SVK,2004,0
Slovakia,SVK,2005,1
Slovakia,SVK,2006,0
Slovakia,SVK,2007,0
Slovakia,SVK,2008,0
Slovakia,SVK,2009,0
Slovakia,SVK,2010,1
Slovakia,SVK,2011,0
Slovakia,SVK,2012,0
Slovakia,SVK,2013,0
Slovakia,SVK,2014,0
Slovakia,SVK,2015,0
Slovakia,SVK,2016,0
Slovenia,SVN,2003,1
Slovenia,SVN,2004,3
Slovenia,SVN,2005,0
Slovenia,SVN,2006,1
Slovenia,SVN,2007,1
Slovenia,SVN,2008,0
Slovenia,SVN,2009,0
Slovenia,SVN,2011,0
Slovenia,SVN,2012,0
Slovenia,SVN,2013,1
Slovenia,SVN,2014,0
Slovenia,SVN,2015,0
Slovenia,SVN,2016,1
Solomon Islands,SLB,2003,0
Solomon Islands,SLB,2004,0
Solomon Islands,SLB,2005,0
Solomon Islands,SLB,2006,0
Solomon Islands,SLB,2007,0
Solomon Islands,SLB,2008,0
Solomon Islands,SLB,2009,0
Solomon Islands,SLB,2010,0
Solomon Islands,SLB,2011,0
Solomon Islands,SLB,2012,0
Solomon Islands,SLB,2013,0
Solomon Islands,SLB,2014,0
Solomon Islands,SLB,2015,1
Solomon Islands,SLB,2016,0
Somalia,SOM,2004,0
Somalia,SOM,2005,0
Somalia,SOM,2006,0
Somalia,SOM,2007,0
Somalia,SOM,2008,0
Somalia,SOM,2009,7
Somalia,SOM,2010,61
Somalia,SOM,2011,41
Somalia,SOM,2012,51
Somalia,SOM,2013,62
Somalia,SOM,2014,111
Somalia,SOM,2015,131
Somalia,SOM,2016,105
South Africa,ZAF,2003,0
South Africa,ZAF,2004,3620
South Africa,ZAF,2005,11654
South Africa,ZAF,2006,31040
South Africa,ZAF,2007,20689
South Africa,ZAF,2008,22107
South Africa,ZAF,2009,48314
South Africa,ZAF,2010,69959
South Africa,ZAF,2011,97355
South Africa,ZAF,2012,101937
South Africa,ZAF,2013,137715
South Africa,ZAF,2014,141755
South Africa,ZAF,2015,133116
South Africa,ZAF,2016,119213
South Korea,KOR,2003,3
South Sudan,SSD,2011,115
South Sudan,SSD,2012,149
South Sudan,SSD,2013,289
South Sudan,SSD,2014,463
South Sudan,SSD,2015,616
South Sudan,SSD,2016,740
Sri Lanka,LKA,2003,2
Sri Lanka,LKA,2004,0
Sri Lanka,LKA,2005,0
Sri Lanka,LKA,2006,5
Sri Lanka,LKA,2007,8
Sri Lanka,LKA,2008,0
Sri Lanka,LKA,2009,8
Sri Lanka,LKA,2010,7
Sri Lanka,LKA,2011,21
Sri Lanka,LKA,2012,11
Sri Lanka,LKA,2013,37
Sri Lanka,LKA,2014,18
Sri Lanka,LKA,2015,17
Sri Lanka,LKA,2016,7
Sudan,SDN,2003,0
Sudan,SDN,2005,15
Sudan,SDN,2006,0
Sudan,SDN,2007,38
Sudan,SDN,2008,246
Sudan,SDN,2009,375
Sudan,SDN,2010,247
Sudan,SDN,2011,73
Sudan,SDN,2012,40
Sudan,SDN,2013,127
Sudan,SDN,2014,147
Sudan,SDN,2015,152
Suriname,SUR,2003,3
Suriname,SUR,2004,0
Suriname,SUR,2005,2
Suriname,SUR,2008,9
Suriname,SUR,2009,22
Suriname,SUR,2010,22
Suriname,SUR,2011,21
Suriname,SUR,2012,28
Suriname,SUR,2013,18
Suriname,SUR,2014,32
Suriname,SUR,2015,26
Suriname,SUR,2016,14
Syria,SYR,2003,0
Syria,SYR,2004,0
Syria,SYR,2005,0
Syria,SYR,2006,0
Syria,SYR,2007,0
Syria,SYR,2008,0
Syria,SYR,2009,0
Syria,SYR,2010,0
Syria,SYR,2011,7
Syria,SYR,2012,0
Syria,SYR,2013,1
Syria,SYR,2014,0
Syria,SYR,2015,3
Syria,SYR,2016,1
Tajikistan,TJK,2004,0
Tajikistan,TJK,2005,0
Tajikistan,TJK,2006,0
Tajikistan,TJK,2007,12
Tajikistan,TJK,2008,17
Tajikistan,TJK,2009,22
Tajikistan,TJK,2010,54
Tajikistan,TJK,2011,66
Tajikistan,TJK,2012,78
Tajikistan,TJK,2013,122
Tajikistan,TJK,2014,128
Tajikistan,TJK,2016,182
Tanzania,TZA,2002,0
Tanzania,TZA,2005,188
Tanzania,TZA,2006,188
Tanzania,TZA,2007,4619
Tanzania,TZA,2008,5918
Tanzania,TZA,2009,6684
Tanzania,TZA,2010,7572
Tanzania,TZA,2011,7741
Tanzania,TZA,2012,11049
Tanzania,TZA,2013,14864
Tanzania,TZA,2014,16564
Tanzania,TZA,2015,17063
Tanzania,TZA,2016,19814
Thailand,THA,2006,2260
Thailand,THA,2007,2456
Thailand,THA,2008,3166
Thailand,THA,2009,4093
Thailand,THA,2010,4796
Thailand,THA,2011,4348
Thailand,THA,2012,4538
Thailand,THA,2013,4963
Thailand,THA,2014,4691
Thailand,THA,2015,5389
Thailand,THA,2016,2833
Timor,TLS,2003,1
Timor,TLS,2005,0
Timor,TLS,2006,0
Timor,TLS,2007,0
Timor,TLS,2008,1
Timor,TLS,2009,0
Timor,TLS,2011,4
Timor,TLS,2012,4
Timor,TLS,2013,9
Timor,TLS,2014,24
Timor,TLS,2015,24
Timor,TLS,2016,23
Togo,TGO,2008,49
Togo,TGO,2009,122
Togo,TGO,2010,312
Togo,TGO,2011,449
Togo,TGO,2012,560
Togo,TGO,2013,497
Togo,TGO,2014,396
Togo,TGO,2015,511
Togo,TGO,2016,572
Tokelau,TKL,2003,0
Tokelau,TKL,2004,0
Tokelau,TKL,2005,0
Tokelau,TKL,2006,0
Tokelau,TKL,2007,0
Tokelau,TKL,2008,0
Tokelau,TKL,2009,0
Tokelau,TKL,2010,0
Tokelau,TKL,2011,0
Tokelau,TKL,2012,0
Tokelau,TKL,2013,0
Tokelau,TKL,2016,0
Tonga,TON,2006,0
Tonga,TON,2007,0
Tonga,TON,2008,0
Tonga,TON,2009,0
Tonga,TON,2010,0
Tonga,TON,2011,0
Tonga,TON,2012,0
Tonga,TON,2013,0
Tonga,TON,2014,0
Tonga,TON,2015,0
Tonga,TON,2016,0
Trinidad and Tobago,TTO,2003,18
Trinidad and Tobago,TTO,2004,14
Trinidad and Tobago,TTO,2005,15
Trinidad and Tobago,TTO,2006,36
Trinidad and Tobago,TTO,2007,17
Trinidad and Tobago,TTO,2008,36
Trinidad and Tobago,TTO,2009,6
Trinidad and Tobago,TTO,2010,20
Trinidad and Tobago,TTO,2011,16
Trinidad and Tobago,TTO,2012,24
Trinidad and Tobago,TTO,2013,30
Trinidad and Tobago,TTO,2014,40
Trinidad and Tobago,TTO,2015,16
Trinidad and Tobago,TTO,2016,32
Tunisia,TUN,2003,1
Tunisia,TUN,2005,2
Tunisia,TUN,2006,3
Tunisia,TUN,2007,7
Tunisia,TUN,2008,2
Tunisia,TUN,2009,2
Tunisia,TUN,2010,7
Tunisia,TUN,2011,10
Tunisia,TUN,2012,14
Tunisia,TUN,2013,17
Tunisia,TUN,2014,12
Tunisia,TUN,2015,15
Tunisia,TUN,2016,28
Turkey,TUR,2005,0
Turkey,TUR,2006,0
Turkey,TUR,2010,9
Turkey,TUR,2011,27
Turkey,TUR,2012,35
Turkey,TUR,2013,20
Turkey,TUR,2014,28
Turkey,TUR,2015,54
Turkey,TUR,2016,51
Turkmenistan,TKM,2006,0
Turkmenistan,TKM,2007,0
Turkmenistan,TKM,2008,0
Turks and Caicos Islands,TCA,2005,0
Turks and Caicos Islands,TCA,2006,0
Turks and Caicos Islands,TCA,2010,1
Turks and Caicos Islands,TCA,2011,0
Turks and Caicos Islands,TCA,2012,1
Turks and Caicos Islands,TCA,2013,0
Turks and Caicos Islands,TCA,2014,1
Turks and Caicos Islands,TCA,2015,1
Turks and Caicos Islands,TCA,2016,1
Tuvalu,TUV,2003,0
Tuvalu,TUV,2005,0
Tuvalu,TUV,2006,0
Tuvalu,TUV,2007,0
Tuvalu,TUV,2008,0
Tuvalu,TUV,2009,0
Tuvalu,TUV,2010,0
Tuvalu,TUV,2011,0
Tuvalu,TUV,2012,0
Tuvalu,TUV,2013,0
Tuvalu,TUV,2014,0
Tuvalu,TUV,2015,0
Tuvalu,TUV,2016,0
Uganda,UGA,2005,762
Uganda,UGA,2006,894
Uganda,UGA,2007,1526
Uganda,UGA,2008,3569
Uganda,UGA,2009,3766
Uganda,UGA,2010,4782
Uganda,UGA,2011,6720
Uganda,UGA,2012,9962
Uganda,UGA,2013,13399
Uganda,UGA,2014,15877
Uganda,UGA,2015,15448
Uganda,UGA,2016,16403
Ukraine,UKR,2008,1207
Ukraine,UKR,2009,1207
Ukraine,UKR,2010,2269
Ukraine,UKR,2011,2601
Ukraine,UKR,2012,3336
Ukraine,UKR,2013,3949
Ukraine,UKR,2014,4273
Ukraine,UKR,2015,3911
Ukraine,UKR,2016,3945
United Arab Emirates,ARE,2010,4
United Arab Emirates,ARE,2011,3
United Arab Emirates,ARE,2013,1
United Arab Emirates,ARE,2014,1
United Arab Emirates,ARE,2015,2
United Arab Emirates,ARE,2016,5
Uruguay,URY,2006,22
Uruguay,URY,2007,22
Uruguay,URY,2008,19
Uruguay,URY,2009,19
Uruguay,URY,2010,35
Uruguay,URY,2011,34
Uruguay,URY,2012,63
Uruguay,URY,2013,69
Uruguay,URY,2014,68
Uruguay,URY,2015,67
Uruguay,URY,2016,71
Uzbekistan,UZB,2003,0
Uzbekistan,UZB,2004,0
Uzbekistan,UZB,2005,0
Uzbekistan,UZB,2006,9
Uzbekistan,UZB,2007,14
Uzbekistan,UZB,2008,77
Uzbekistan,UZB,2009,37
Uzbekistan,UZB,2010,157
Uzbekistan,UZB,2011,172
Uzbekistan,UZB,2012,103
Uzbekistan,UZB,2013,762
Uzbekistan,UZB,2014,354
Uzbekistan,UZB,2015,409
Vanuatu,VUT,2004,0
Vanuatu,VUT,2005,0
Vanuatu,VUT,2006,0
Vanuatu,VUT,2007,0
Vanuatu,VUT,2008,0
Vanuatu,VUT,2009,0
Vanuatu,VUT,2010,0
Vanuatu,VUT,2011,0
Vanuatu,VUT,2012,0
Vanuatu,VUT,2013,0
Vanuatu,VUT,2014,0
Vanuatu,VUT,2015,0
Vanuatu,VUT,2016,0
Venezuela,VEN,2004,114
Venezuela,VEN,2005,152
Venezuela,VEN,2006,188
Venezuela,VEN,2007,159
Venezuela,VEN,2008,81
Venezuela,VEN,2009,102
Venezuela,VEN,2010,156
Venezuela,VEN,2011,166
Venezuela,VEN,2012,517
Venezuela,VEN,2013,517
Venezuela,VEN,2014,398
Venezuela,VEN,2015,572
Venezuela,VEN,2016,485
Vietnam,VNM,2008,701
Vietnam,VNM,2009,354
Vietnam,VNM,2010,1497
Vietnam,VNM,2011,2258
Vietnam,VNM,2012,2232
Vietnam,VNM,2013,2715
Vietnam,VNM,2014,2827
Vietnam,VNM,2015,3065
Vietnam,VNM,2016,2419
Wallis and Futuna,WLF,2006,0
Wallis and Futuna,WLF,2007,0
Wallis and Futuna,WLF,2008,0
Wallis and Futuna,WLF,2009,0
Wallis and Futuna,WLF,2010,0
Wallis and Futuna,WLF,2011,0
Wallis and Futuna,WLF,2015,0
Wallis and Futuna,WLF,2016,0
Yemen,YEM,2005,0
Yemen,YEM,2006,0
Yemen,YEM,2007,0
Yemen,YEM,2009,0
Yemen,YEM,2010,0
Yemen,YEM,2012,16
Yemen,YEM,2013,0
Yemen,YEM,2014,0
Yemen,YEM,2015,26
Zambia,ZMB,2003,455
Zambia,ZMB,2004,277
Zambia,ZMB,2005,418
Zambia,ZMB,2006,2723
Zambia,ZMB,2007,6595
Zambia,ZMB,2008,8604
Zambia,ZMB,2009,10009
Zambia,ZMB,2010,12646
Zambia,ZMB,2011,14213
Zambia,ZMB,2012,14471
Zambia,ZMB,2013,16945
Zambia,ZMB,2014,17611
Zambia,ZMB,2015,15897
Zambia,ZMB,2016,17914
Zimbabwe,ZWE,2005,0
Zimbabwe,ZWE,2006,0
Zimbabwe,ZWE,2007,1727
Zimbabwe,ZWE,2008,4630
Zimbabwe,ZWE,2009,8668
Zimbabwe,ZWE,2010,14223
Zimbabwe,ZWE,2011,16577
Zimbabwe,ZWE,2012,18158
Zimbabwe,ZWE,2013,18575
Zimbabwe,ZWE,2014,16522
Zimbabwe,ZWE,2015,12924
Zimbabwe,ZWE,2016,15761