Entity,Code,Year,TB patients tested positive for HIV - Total
Afghanistan,AFG,2007,0
Afghanistan,AFG,2008,0
Afghanistan,AFG,2009,5
Afghanistan,AFG,2010,2
Afghanistan,AFG,2011,5
Afghanistan,AFG,2012,2
Afghanistan,AFG,2013,9
Afghanistan,AFG,2014,4
Afghanistan,AFG,2015,3
Afghanistan,AFG,2016,8
Albania,ALB,2005,1
Albania,ALB,2006,3
Albania,ALB,2007,1
Albania,ALB,2008,4
Albania,ALB,2009,6
Albania,ALB,2010,0
Albania,ALB,2011,2
Albania,ALB,2012,7
Albania,ALB,2013,2
Albania,ALB,2014,2
Albania,ALB,2015,6
Albania,ALB,2016,6
American Samoa,ASM,2006,0
American Samoa,ASM,2007,0
American Samoa,ASM,2008,0
American Samoa,ASM,2009,0
American Samoa,ASM,2010,0
American Samoa,ASM,2011,0
Andorra,AND,2007,0
Andorra,AND,2008,0
Andorra,AND,2009,0
Andorra,AND,2010,0
Andorra,AND,2011,0
Andorra,AND,2012,0
Andorra,AND,2013,1
Andorra,AND,2014,0
Andorra,AND,2015,0
Andorra,AND,2016,0
Angola,AGO,2007,450
Angola,AGO,2009,306
Angola,AGO,2010,1620
Angola,AGO,2011,789
Angola,AGO,2012,1149
Angola,AGO,2013,2674
Angola,AGO,2014,2827
Angola,AGO,2015,1558
Angola,AGO,2016,2765
Anguilla,AIA,2003,0
Anguilla,AIA,2006,0
Anguilla,AIA,2007,0
Anguilla,AIA,2009,0
Anguilla,AIA,2010,0
Anguilla,AIA,2011,0
Anguilla,AIA,2012,0
Anguilla,AIA,2013,0
Anguilla,AIA,2014,1
Anguilla,AIA,2016,0
Antigua and Barbuda,ATG,2004,2
Antigua and Barbuda,ATG,2005,3
Antigua and Barbuda,ATG,2006,3
Antigua and Barbuda,ATG,2007,0
Antigua and Barbuda,ATG,2008,0
Antigua and Barbuda,ATG,2009,0
Antigua and Barbuda,ATG,2010,5
Antigua and Barbuda,ATG,2011,4
Antigua and Barbuda,ATG,2012,2
Antigua and Barbuda,ATG,2013,4
Antigua and Barbuda,ATG,2014,1
Antigua and Barbuda,ATG,2015,0
Antigua and Barbuda,ATG,2016,0
Argentina,ARG,2006,221
Argentina,ARG,2007,314
Argentina,ARG,2008,375
Argentina,ARG,2009,530
Argentina,ARG,2010,672
Argentina,ARG,2011,735
Argentina,ARG,2012,722
Argentina,ARG,2013,554
Argentina,ARG,2014,447
Argentina,ARG,2015,606
Argentina,ARG,2016,592
Armenia,ARM,2004,6
Armenia,ARM,2005,6
Armenia,ARM,2006,25
Armenia,ARM,2007,8
Armenia,ARM,2008,12
Armenia,ARM,2009,17
Armenia,ARM,2010,17
Armenia,ARM,2011,49
Armenia,ARM,2012,79
Armenia,ARM,2013,67
Armenia,ARM,2014,84
Armenia,ARM,2015,99
Armenia,ARM,2016,57
Aruba,ABW,2012,1
Australia,AUS,2003,12
Australia,AUS,2004,23
Australia,AUS,2005,22
Australia,AUS,2006,15
Australia,AUS,2007,20
Australia,AUS,2008,17
Australia,AUS,2009,23
Australia,AUS,2010,24
Australia,AUS,2011,19
Australia,AUS,2012,12
Australia,AUS,2013,26
Australia,AUS,2014,17
Australia,AUS,2015,21
Azerbaijan,AZE,2007,31
Azerbaijan,AZE,2010,48
Azerbaijan,AZE,2011,36
Azerbaijan,AZE,2012,129
Azerbaijan,AZE,2013,131
Azerbaijan,AZE,2014,148
Azerbaijan,AZE,2015,112
Azerbaijan,AZE,2016,99
Bahamas,BHS,2003,12
Bahamas,BHS,2006,33
Bahamas,BHS,2007,12
Bahamas,BHS,2008,17
Bahamas,BHS,2009,15
Bahamas,BHS,2010,16
Bahamas,BHS,2011,12
Bahamas,BHS,2012,8
Bahamas,BHS,2013,10
Bahamas,BHS,2014,10
Bahamas,BHS,2015,16
Bahamas,BHS,2016,35
Bahrain,BHR,2003,3
Bahrain,BHR,2004,5
Bahrain,BHR,2005,6
Bahrain,BHR,2006,7
Bahrain,BHR,2007,7
Bahrain,BHR,2008,7
Bahrain,BHR,2009,8
Bahrain,BHR,2010,6
Bahrain,BHR,2011,7
Bahrain,BHR,2012,1
Bahrain,BHR,2013,10
Bahrain,BHR,2016,4
Bangladesh,BGD,2008,37
Bangladesh,BGD,2009,1
Bangladesh,BGD,2010,4
Bangladesh,BGD,2011,53
Bangladesh,BGD,2012,63
Bangladesh,BGD,2013,68
Bangladesh,BGD,2014,45
Bangladesh,BGD,2015,92
Bangladesh,BGD,2016,87
Barbados,BRB,2005,2
Barbados,BRB,2006,2
Barbados,BRB,2007,2
Barbados,BRB,2008,2
Barbados,BRB,2009,0
Barbados,BRB,2010,2
Barbados,BRB,2011,0
Barbados,BRB,2012,2
Barbados,BRB,2013,2
Barbados,BRB,2014,2
Barbados,BRB,2015,0
Barbados,BRB,2016,0
Belarus,BLR,2004,77
Belarus,BLR,2005,139
Belarus,BLR,2007,152
Belarus,BLR,2008,156
Belarus,BLR,2009,190
Belarus,BLR,2010,190
Belarus,BLR,2011,217
Belarus,BLR,2012,229
Belarus,BLR,2013,250
Belarus,BLR,2014,271
Belarus,BLR,2015,206
Belarus,BLR,2016,275
Belgium,BEL,2004,53
Belgium,BEL,2005,52
Belgium,BEL,2006,55
Belgium,BEL,2007,52
Belgium,BEL,2008,56
Belgium,BEL,2009,43
Belgium,BEL,2010,66
Belgium,BEL,2011,44
Belgium,BEL,2012,43
Belgium,BEL,2013,36
Belgium,BEL,2014,38
Belgium,BEL,2015,30
Belgium,BEL,2016,32
Belize,BLZ,2003,11
Belize,BLZ,2004,11
Belize,BLZ,2005,25
Belize,BLZ,2006,10
Belize,BLZ,2007,10
Belize,BLZ,2008,18
Belize,BLZ,2009,17
Belize,BLZ,2010,29
Belize,BLZ,2011,24
Belize,BLZ,2012,19
Belize,BLZ,2013,25
Belize,BLZ,2014,25
Belize,BLZ,2015,14
Belize,BLZ,2016,36
Benin,BEN,2005,57
Benin,BEN,2006,494
Benin,BEN,2007,501
Benin,BEN,2008,653
Benin,BEN,2009,633
Benin,BEN,2010,592
Benin,BEN,2011,727
Benin,BEN,2012,637
Benin,BEN,2013,594
Benin,BEN,2015,613
Benin,BEN,2016,572
Bermuda,BMU,2003,0
Bermuda,BMU,2005,0
Bermuda,BMU,2006,0
Bermuda,BMU,2009,0
Bermuda,BMU,2010,0
Bermuda,BMU,2011,0
Bermuda,BMU,2012,0
Bermuda,BMU,2013,0
Bermuda,BMU,2014,0
Bermuda,BMU,2015,0
Bermuda,BMU,2016,0
Bhutan,BTN,2004,0
Bhutan,BTN,2005,1
Bhutan,BTN,2006,0
Bhutan,BTN,2007,0
Bhutan,BTN,2008,2
Bhutan,BTN,2009,2
Bhutan,BTN,2012,0
Bhutan,BTN,2013,1
Bhutan,BTN,2014,7
Bhutan,BTN,2015,6
Bhutan,BTN,2016,6
Bolivia,BOL,2004,0
Bolivia,BOL,2005,0
Bolivia,BOL,2007,1
Bolivia,BOL,2008,19
Bolivia,BOL,2009,38
Bolivia,BOL,2010,130
Bolivia,BOL,2011,333
Bolivia,BOL,2012,167
Bolivia,BOL,2013,170
Bolivia,BOL,2014,262
Bolivia,BOL,2015,281
Bolivia,BOL,2016,241
Bosnia and Herzegovina,BIH,2008,0
Bosnia and Herzegovina,BIH,2009,0
Bosnia and Herzegovina,BIH,2010,0
Bosnia and Herzegovina,BIH,2011,0
Bosnia and Herzegovina,BIH,2012,0
Bosnia and Herzegovina,BIH,2016,1
Botswana,BWA,2003,3276
Botswana,BWA,2004,47
Botswana,BWA,2005,1829
Botswana,BWA,2006,3590
Botswana,BWA,2007,3698
Botswana,BWA,2008,4149
Botswana,BWA,2009,4415
Botswana,BWA,2010,4018
Botswana,BWA,2011,4129
Botswana,BWA,2012,4080
Botswana,BWA,2013,4083
Botswana,BWA,2014,3280
Botswana,BWA,2015,2693
Botswana,BWA,2016,2654
Brazil,BRA,2003,8330
Brazil,BRA,2004,5734
Brazil,BRA,2005,8249
Brazil,BRA,2006,7126
Brazil,BRA,2007,8050
Brazil,BRA,2008,8392
Brazil,BRA,2009,8480
Brazil,BRA,2010,8894
Brazil,BRA,2011,9284
Brazil,BRA,2012,9156
Brazil,BRA,2013,9661
Brazil,BRA,2014,9653
Brazil,BRA,2015,7719
Brazil,BRA,2016,7381
British Virgin Islands,VGB,2003,0
British Virgin Islands,VGB,2004,0
British Virgin Islands,VGB,2005,0
British Virgin Islands,VGB,2006,0
British Virgin Islands,VGB,2007,0
British Virgin Islands,VGB,2009,1
British Virgin Islands,VGB,2010,0
British Virgin Islands,VGB,2011,0
British Virgin Islands,VGB,2012,0
British Virgin Islands,VGB,2013,0
British Virgin Islands,VGB,2014,0
British Virgin Islands,VGB,2015,0
British Virgin Islands,VGB,2016,0
Brunei,BRN,2003,1
Brunei,BRN,2004,1
Brunei,BRN,2005,2
Brunei,BRN,2006,0
Brunei,BRN,2007,0
Brunei,BRN,2008,0
Brunei,BRN,2009,2
Brunei,BRN,2010,1
Brunei,BRN,2011,3
Brunei,BRN,2012,2
Brunei,BRN,2013,0
Brunei,BRN,2014,0
Brunei,BRN,2015,1
Brunei,BRN,2016,3
Bulgaria,BGR,2006,6
Bulgaria,BGR,2007,0
Bulgaria,BGR,2008,0
Bulgaria,BGR,2009,1
Bulgaria,BGR,2010,2
Bulgaria,BGR,2011,5
Bulgaria,BGR,2012,3
Bulgaria,BGR,2013,4
Bulgaria,BGR,2014,3
Bulgaria,BGR,2016,0
Burkina Faso,BFA,2003,40
Burkina Faso,BFA,2004,145
Burkina Faso,BFA,2005,559
Burkina Faso,BFA,2006,739
Burkina Faso,BFA,2007,781
Burkina Faso,BFA,2008,948
Burkina Faso,BFA,2009,903
Burkina Faso,BFA,2010,839
Burkina Faso,BFA,2011,829
Burkina Faso,BFA,2012,723
Burkina Faso,BFA,2013,680
Burkina Faso,BFA,2014,656
Burkina Faso,BFA,2015,504
Burkina Faso,BFA,2016,492
Burundi,BDI,2008,243
Burundi,BDI,2009,1305
Burundi,BDI,2010,1260
Burundi,BDI,2011,1036
Burundi,BDI,2012,1076
Burundi,BDI,2013,977
Burundi,BDI,2014,901
Burundi,BDI,2015,907
Burundi,BDI,2016,877
Cambodia,KHM,2002,0
Cambodia,KHM,2003,443
Cambodia,KHM,2004,313
Cambodia,KHM,2005,86
Cambodia,KHM,2006,1628
Cambodia,KHM,2007,5782
Cambodia,KHM,2008,3309
Cambodia,KHM,2009,3597
Cambodia,KHM,2010,2112
Cambodia,KHM,2011,1656
Cambodia,KHM,2012,1423
Cambodia,KHM,2013,1241
Cambodia,KHM,2014,953
Cambodia,KHM,2015,740
Cambodia,KHM,2016,721
Cameroon,CMR,2005,0
Cameroon,CMR,2006,3363
Cameroon,CMR,2007,5378
Cameroon,CMR,2008,7211
Cameroon,CMR,2009,7383
Cameroon,CMR,2010,8314
Cameroon,CMR,2011,7731
Cameroon,CMR,2012,7747
Cameroon,CMR,2013,8161
Cameroon,CMR,2014,8565
Cameroon,CMR,2015,8606
Cameroon,CMR,2016,8264
Canada,CAN,2000,36
Canada,CAN,2001,45
Canada,CAN,2002,67
Canada,CAN,2003,61
Canada,CAN,2004,36
Canada,CAN,2005,63
Canada,CAN,2006,62
Canada,CAN,2007,63
Canada,CAN,2008,94
Canada,CAN,2009,64
Canada,CAN,2010,53
Canada,CAN,2011,61
Canada,CAN,2012,56
Canada,CAN,2013,70
Canada,CAN,2014,64
Canada,CAN,2015,58
Cape Verde,CPV,2003,10
Cape Verde,CPV,2005,14
Cape Verde,CPV,2006,8
Cape Verde,CPV,2009,57
Cape Verde,CPV,2011,47
Cape Verde,CPV,2012,45
Cape Verde,CPV,2013,24
Cape Verde,CPV,2014,27
Cape Verde,CPV,2015,31
Cape Verde,CPV,2016,21
Cayman Islands,CYM,2003,0
Cayman Islands,CYM,2005,0
Cayman Islands,CYM,2006,0
Cayman Islands,CYM,2007,0
Cayman Islands,CYM,2009,0
Cayman Islands,CYM,2010,0
Cayman Islands,CYM,2011,0
Cayman Islands,CYM,2012,0
Cayman Islands,CYM,2013,1
Cayman Islands,CYM,2014,0
Cayman Islands,CYM,2015,0
Cayman Islands,CYM,2016,0
Central African Republic,CAF,2003,0
Central African Republic,CAF,2009,1230
Central African Republic,CAF,2010,862
Central African Republic,CAF,2011,733
Central African Republic,CAF,2012,1483
Central African Republic,CAF,2013,1597
Central African Republic,CAF,2014,1781
Central African Republic,CAF,2015,1963
Central African Republic,CAF,2016,2047
Chad,TCD,2003,0
Chad,TCD,2006,0
Chad,TCD,2007,0
Chad,TCD,2010,663
Chad,TCD,2011,959
Chad,TCD,2012,960
Chad,TCD,2013,1073
Chad,TCD,2014,1291
Chad,TCD,2015,1752
Chad,TCD,2016,1672
Chile,CHL,2006,61
Chile,CHL,2011,148
Chile,CHL,2012,142
Chile,CHL,2013,187
Chile,CHL,2014,213
Chile,CHL,2015,213
Chile,CHL,2016,225
China,CHN,2006,108
China,CHN,2007,1523
China,CHN,2008,2848
China,CHN,2009,2511
China,CHN,2010,4542
China,CHN,2011,4715
China,CHN,2012,5866
China,CHN,2013,4649
China,CHN,2014,5309
China,CHN,2015,10034
China,CHN,2016,4612
"China, Hong Kong Special Administrative Region",,2003,2
"China, Hong Kong Special Administrative Region",,2004,10
"China, Hong Kong Special Administrative Region",,2005,35
"China, Hong Kong Special Administrative Region",,2006,33
"China, Hong Kong Special Administrative Region",,2007,41
"China, Hong Kong Special Administrative Region",,2008,48
"China, Hong Kong Special Administrative Region",,2009,38
"China, Hong Kong Special Administrative Region",,2010,24
"China, Hong Kong Special Administrative Region",,2011,28
"China, Hong Kong Special Administrative Region",,2012,19
"China, Hong Kong Special Administrative Region",,2013,21
"China, Hong Kong Special Administrative Region",,2014,23
"China, Hong Kong Special Administrative Region",,2015,21
"China, Hong Kong Special Administrative Region",,2016,28
Colombia,COL,2003,0
Colombia,COL,2005,353
Colombia,COL,2006,453
Colombia,COL,2007,51
Colombia,COL,2008,956
Colombia,COL,2009,1133
Colombia,COL,2010,1231
Colombia,COL,2011,1292
Colombia,COL,2012,1400
Colombia,COL,2013,1489
Colombia,COL,2014,1481
Colombia,COL,2015,1551
Colombia,COL,2016,1610
Comoros,COM,2004,0
Comoros,COM,2005,2
Comoros,COM,2006,2
Comoros,COM,2007,0
Comoros,COM,2008,0
Comoros,COM,2009,0
Comoros,COM,2010,0
Comoros,COM,2011,4
Comoros,COM,2012,4
Comoros,COM,2013,4
Comoros,COM,2014,1
Comoros,COM,2016,2
Congo,COG,2003,51
Congo,COG,2006,0
Congo,COG,2007,383
Congo,COG,2008,36
Congo,COG,2009,99
Congo,COG,2010,757
Congo,COG,2011,687
Congo,COG,2012,653
Congo,COG,2013,858
Congo,COG,2014,386
Congo,COG,2015,479
Congo,COG,2016,516
Cook Islands,COK,2003,0
Cook Islands,COK,2004,0
Cook Islands,COK,2005,0
Cook Islands,COK,2006,0
Cook Islands,COK,2007,0
Cook Islands,COK,2008,0
Cook Islands,COK,2009,0
Cook Islands,COK,2010,0
Cook Islands,COK,2011,0
Cook Islands,COK,2012,0
Cook Islands,COK,2013,0
Cook Islands,COK,2014,0
Cook Islands,COK,2015,0
Cook Islands,COK,2016,0
Costa Rica,CRI,2003,22
Costa Rica,CRI,2005,50
Costa Rica,CRI,2006,38
Costa Rica,CRI,2007,43
Costa Rica,CRI,2008,44
Costa Rica,CRI,2009,41
Costa Rica,CRI,2010,54
Costa Rica,CRI,2011,36
Costa Rica,CRI,2012,54
Costa Rica,CRI,2013,36
Costa Rica,CRI,2014,41
Costa Rica,CRI,2015,31
Costa Rica,CRI,2016,31
Cote d'Ivoire,CIV,2003,1689
Cote d'Ivoire,CIV,2004,80
Cote d'Ivoire,CIV,2005,1551
Cote d'Ivoire,CIV,2006,2130
Cote d'Ivoire,CIV,2007,4370
Cote d'Ivoire,CIV,2008,5073
Cote d'Ivoire,CIV,2009,5207
Cote d'Ivoire,CIV,2010,4112
Cote d'Ivoire,CIV,2011,4820
Cote d'Ivoire,CIV,2012,5482
Cote d'Ivoire,CIV,2013,5551
Cote d'Ivoire,CIV,2014,5292
Cote d'Ivoire,CIV,2015,5025
Cote d'Ivoire,CIV,2016,4608
Croatia,HRV,2007,3
Croatia,HRV,2008,0
Croatia,HRV,2010,1
Croatia,HRV,2011,4
Cuba,CUB,2003,0
Cuba,CUB,2004,1
Cuba,CUB,2005,0
Cuba,CUB,2006,4
Cuba,CUB,2007,1
Cuba,CUB,2008,71
Cuba,CUB,2009,46
Cuba,CUB,2010,56
Cuba,CUB,2011,62
Cuba,CUB,2012,59
Cuba,CUB,2013,61
Cuba,CUB,2014,87
Cuba,CUB,2015,67
Cuba,CUB,2016,66
Cyprus,CYP,2005,0
Cyprus,CYP,2006,0
Cyprus,CYP,2007,0
Cyprus,CYP,2008,2
Czechia,CZE,2004,2
Czechia,CZE,2005,2
Czechia,CZE,2006,4
Czechia,CZE,2007,7
Czechia,CZE,2008,7
Czechia,CZE,2009,6
Czechia,CZE,2010,5
Czechia,CZE,2011,4
Czechia,CZE,2012,6
Czechia,CZE,2013,0
Czechia,CZE,2014,3
Czechia,CZE,2015,2
Democratic Republic of Congo,COD,2002,0
Democratic Republic of Congo,COD,2003,476
Democratic Republic of Congo,COD,2005,386
Democratic Republic of Congo,COD,2006,188
Democratic Republic of Congo,COD,2007,2129
Democratic Republic of Congo,COD,2008,3932
Democratic Republic of Congo,COD,2009,6126
Democratic Republic of Congo,COD,2010,5273
Democratic Republic of Congo,COD,2011,4942
Democratic Republic of Congo,COD,2012,5748
Democratic Republic of Congo,COD,2013,6984
Democratic Republic of Congo,COD,2014,7206
Democratic Republic of Congo,COD,2015,7154
Democratic Republic of Congo,COD,2016,8344
Denmark,DNK,2004,7
Denmark,DNK,2005,8
Denmark,DNK,2006,11
Denmark,DNK,2007,13
Denmark,DNK,2008,11
Denmark,DNK,2009,9
Denmark,DNK,2010,0
Denmark,DNK,2011,10
Djibouti,DJI,2003,29
Djibouti,DJI,2004,92
Djibouti,DJI,2005,135
Djibouti,DJI,2007,54
Djibouti,DJI,2008,191
Djibouti,DJI,2009,207
Djibouti,DJI,2010,248
Djibouti,DJI,2011,177
Djibouti,DJI,2012,110
Djibouti,DJI,2013,103
Djibouti,DJI,2014,160
Djibouti,DJI,2015,142
Djibouti,DJI,2016,118
Dominica,DMA,2005,0
Dominica,DMA,2006,0
Dominica,DMA,2007,0
Dominica,DMA,2008,2
Dominica,DMA,2009,1
Dominica,DMA,2010,1
Dominica,DMA,2011,0
Dominica,DMA,2012,0
Dominica,DMA,2013,2
Dominica,DMA,2014,0
Dominica,DMA,2015,0
Dominica,DMA,2016,1
Dominican Republic,DOM,2004,3
Dominican Republic,DOM,2005,3
Dominican Republic,DOM,2006,218
Dominican Republic,DOM,2007,337
Dominican Republic,DOM,2008,399
Dominican Republic,DOM,2009,403
Dominican Republic,DOM,2010,547
Dominican Republic,DOM,2011,460
Dominican Republic,DOM,2012,557
Dominican Republic,DOM,2013,813
Dominican Republic,DOM,2014,782
Dominican Republic,DOM,2015,843
Dominican Republic,DOM,2016,893
Ecuador,ECU,2005,3
Ecuador,ECU,2006,392
Ecuador,ECU,2007,324
Ecuador,ECU,2008,402
Ecuador,ECU,2009,443
Ecuador,ECU,2010,427
Ecuador,ECU,2011,576
Ecuador,ECU,2012,669
Ecuador,ECU,2013,691
Ecuador,ECU,2014,637
Ecuador,ECU,2015,545
Ecuador,ECU,2016,636
Egypt,EGY,2006,12
Egypt,EGY,2007,9
Egypt,EGY,2008,9
Egypt,EGY,2009,11
Egypt,EGY,2010,7
Egypt,EGY,2011,12
Egypt,EGY,2012,17
Egypt,EGY,2013,7
Egypt,EGY,2014,12
Egypt,EGY,2015,14
Egypt,EGY,2016,16
El Salvador,SLV,2003,98
El Salvador,SLV,2004,84
El Salvador,SLV,2005,188
El Salvador,SLV,2006,176
El Salvador,SLV,2007,210
El Salvador,SLV,2008,194
El Salvador,SLV,2009,204
El Salvador,SLV,2010,180
El Salvador,SLV,2011,194
El Salvador,SLV,2012,214
El Salvador,SLV,2013,203
El Salvador,SLV,2014,203
El Salvador,SLV,2015,182
El Salvador,SLV,2016,201
Equatorial Guinea,GNQ,2003,24
Equatorial Guinea,GNQ,2007,109
Equatorial Guinea,GNQ,2008,41
Equatorial Guinea,GNQ,2009,121
Equatorial Guinea,GNQ,2010,225
Equatorial Guinea,GNQ,2011,234
Equatorial Guinea,GNQ,2013,370
Equatorial Guinea,GNQ,2014,293
Equatorial Guinea,GNQ,2015,452
Equatorial Guinea,GNQ,2016,45
Eritrea,ERI,2012,164
Eritrea,ERI,2013,147
Eritrea,ERI,2014,140
Eritrea,ERI,2015,111
Eritrea,ERI,2016,132
Estonia,EST,2004,26
Estonia,EST,2005,33
Estonia,EST,2006,41
Estonia,EST,2007,52
Estonia,EST,2008,42
Estonia,EST,2009,40
Estonia,EST,2010,34
Estonia,EST,2011,46
Estonia,EST,2012,45
Estonia,EST,2013,37
Estonia,EST,2014,24
Estonia,EST,2015,23
Estonia,EST,2016,21
Eswatini,SWZ,2002,22
Eswatini,SWZ,2003,98
Eswatini,SWZ,2006,1476
Eswatini,SWZ,2007,5252
Eswatini,SWZ,2008,8081
Eswatini,SWZ,2009,8889
Eswatini,SWZ,2010,7788
Eswatini,SWZ,2011,6480
Eswatini,SWZ,2012,5773
Eswatini,SWZ,2013,4747
Eswatini,SWZ,2014,3972
Eswatini,SWZ,2015,3401
Eswatini,SWZ,2016,2649
Ethiopia,ETH,2005,1321
Ethiopia,ETH,2006,1295
Ethiopia,ETH,2007,6342
Ethiopia,ETH,2008,7891
Ethiopia,ETH,2009,11098
Ethiopia,ETH,2010,9809
Ethiopia,ETH,2011,5442
Ethiopia,ETH,2012,9819
Ethiopia,ETH,2013,10374
Ethiopia,ETH,2014,8670
Ethiopia,ETH,2015,8625
Ethiopia,ETH,2016,7843
Fiji,FJI,2003,4
Fiji,FJI,2004,0
Fiji,FJI,2005,1
Fiji,FJI,2006,3
Fiji,FJI,2007,0
Fiji,FJI,2008,0
Fiji,FJI,2009,0
Fiji,FJI,2010,3
Fiji,FJI,2011,3
Fiji,FJI,2012,5
Fiji,FJI,2013,4
Fiji,FJI,2014,11
Fiji,FJI,2015,6
Finland,FIN,2005,3
Finland,FIN,2006,6
Finland,FIN,2007,10
Finland,FIN,2008,6
Finland,FIN,2009,6
Finland,FIN,2010,3
Finland,FIN,2011,3
Finland,FIN,2013,4
Finland,FIN,2014,2
Finland,FIN,2015,4
Finland,FIN,2016,5
France,FRA,2010,121
France,FRA,2011,95
French Polynesia,PYF,2003,0
French Polynesia,PYF,2004,0
French Polynesia,PYF,2005,0
French Polynesia,PYF,2006,0
French Polynesia,PYF,2007,0
French Polynesia,PYF,2008,0
French Polynesia,PYF,2009,0
French Polynesia,PYF,2010,0
French Polynesia,PYF,2011,1
French Polynesia,PYF,2012,0
French Polynesia,PYF,2013,0
French Polynesia,PYF,2014,0
French Polynesia,PYF,2015,0
Gabon,GAB,2003,151
Gabon,GAB,2005,185
Gabon,GAB,2006,645
Gabon,GAB,2007,719
Gabon,GAB,2008,613
Gabon,GAB,2009,667
Gabon,GAB,2010,667
Gabon,GAB,2011,578
Gabon,GAB,2012,852
Gabon,GAB,2013,605
Gabon,GAB,2014,648
Gabon,GAB,2015,795
Gabon,GAB,2016,635
Gambia,GMB,2006,0
Gambia,GMB,2007,230
Gambia,GMB,2008,294
Gambia,GMB,2009,326
Gambia,GMB,2010,224
Gambia,GMB,2012,302
Gambia,GMB,2013,258
Gambia,GMB,2014,429
Gambia,GMB,2015,395
Gambia,GMB,2016,385
Georgia,GEO,2004,9
Georgia,GEO,2005,13
Georgia,GEO,2006,17
Georgia,GEO,2007,32
Georgia,GEO,2008,20
Georgia,GEO,2009,33
Georgia,GEO,2010,35
Georgia,GEO,2011,50
Georgia,GEO,2012,45
Georgia,GEO,2013,55
Georgia,GEO,2014,57
Georgia,GEO,2015,79
Georgia,GEO,2016,61
Ghana,GHA,2003,360
Ghana,GHA,2004,120
Ghana,GHA,2005,340
Ghana,GHA,2006,711
Ghana,GHA,2007,1621
Ghana,GHA,2008,1630
Ghana,GHA,2009,2218
Ghana,GHA,2010,2676
Ghana,GHA,2011,2907
Ghana,GHA,2012,2812
Ghana,GHA,2013,2737
Ghana,GHA,2014,2858
Ghana,GHA,2015,2662
Ghana,GHA,2016,2838
Greece,GRC,2013,35
Greenland,GRL,2008,0
Greenland,GRL,2009,0
Greenland,GRL,2013,1
Greenland,GRL,2015,0
Greenland,GRL,2016,0
Grenada,GRD,2003,0
Grenada,GRD,2005,0
Grenada,GRD,2006,0
Grenada,GRD,2007,0
Grenada,GRD,2008,2
Grenada,GRD,2009,1
Grenada,GRD,2010,1
Grenada,GRD,2011,0
Grenada,GRD,2012,0
Grenada,GRD,2013,0
Grenada,GRD,2014,0
Grenada,GRD,2015,2
Grenada,GRD,2016,0
Guam,GUM,2003,0
Guam,GUM,2004,0
Guam,GUM,2005,0
Guam,GUM,2006,0
Guam,GUM,2007,0
Guam,GUM,2008,2
Guam,GUM,2009,0
Guam,GUM,2010,1
Guam,GUM,2011,0
Guam,GUM,2012,0
Guam,GUM,2013,0
Guam,GUM,2014,0
Guam,GUM,2015,0
Guam,GUM,2016,0
Guatemala,GTM,2003,140
Guatemala,GTM,2004,712
Guatemala,GTM,2005,478
Guatemala,GTM,2006,142
Guatemala,GTM,2007,270
Guatemala,GTM,2008,326
Guatemala,GTM,2009,260
Guatemala,GTM,2010,255
Guatemala,GTM,2011,285
Guatemala,GTM,2012,276
Guatemala,GTM,2013,270
Guatemala,GTM,2014,245
Guatemala,GTM,2015,195
Guatemala,GTM,2016,237
Guinea,GIN,2003,0
Guinea,GIN,2007,140
Guinea,GIN,2008,197
Guinea,GIN,2009,1288
Guinea,GIN,2010,1483
Guinea,GIN,2011,1670
Guinea,GIN,2012,1859
Guinea,GIN,2013,1959
Guinea,GIN,2014,1815
Guinea,GIN,2015,2332
Guinea,GIN,2016,2539
Guinea-Bissau,GNB,2005,110
Guinea-Bissau,GNB,2006,85
Guinea-Bissau,GNB,2007,283
Guinea-Bissau,GNB,2008,250
Guinea-Bissau,GNB,2009,268
Guinea-Bissau,GNB,2010,396
Guinea-Bissau,GNB,2011,431
Guinea-Bissau,GNB,2012,517
Guinea-Bissau,GNB,2013,524
Guinea-Bissau,GNB,2014,561
Guinea-Bissau,GNB,2015,390
Guinea-Bissau,GNB,2016,506
Guyana,GUY,2003,42
Guyana,GUY,2004,30
Guyana,GUY,2005,80
Guyana,GUY,2006,75
Guyana,GUY,2007,223
Guyana,GUY,2008,123
Guyana,GUY,2009,195
Guyana,GUY,2010,209
Guyana,GUY,2011,199
Guyana,GUY,2012,284
Guyana,GUY,2013,180
Guyana,GUY,2014,148
Guyana,GUY,2015,117
Guyana,GUY,2016,130
Haiti,HTI,2005,1797
Haiti,HTI,2006,1584
Haiti,HTI,2007,2028
Haiti,HTI,2008,2068
Haiti,HTI,2009,2236
Haiti,HTI,2010,1892
Haiti,HTI,2011,2320
Haiti,HTI,2012,2705
Haiti,HTI,2013,2857
Haiti,HTI,2014,2588
Haiti,HTI,2015,2427
Haiti,HTI,2016,2184
Honduras,HND,2003,113
Honduras,HND,2005,200
Honduras,HND,2006,202
Honduras,HND,2007,183
Honduras,HND,2008,205
Honduras,HND,2009,192
Honduras,HND,2010,201
Honduras,HND,2011,261
Honduras,HND,2012,259
Honduras,HND,2013,263
Honduras,HND,2014,256
Honduras,HND,2015,267
Honduras,HND,2016,207
Hungary,HUN,2008,2
Hungary,HUN,2009,2
Hungary,HUN,2010,1
Hungary,HUN,2011,1
Iceland,ISL,2004,1
Iceland,ISL,2005,1
Iceland,ISL,2006,2
Iceland,ISL,2008,1
Iceland,ISL,2009,0
Iceland,ISL,2010,1
Iceland,ISL,2011,0
Iceland,ISL,2012,0
Iceland,ISL,2013,0
Iceland,ISL,2014,0
India,IND,2005,6411
India,IND,2006,8785
India,IND,2007,9324
India,IND,2008,6039
India,IND,2009,36483
India,IND,2010,41476
India,IND,2011,44702
India,IND,2012,44063
India,IND,2013,44027
India,IND,2014,44171
India,IND,2015,44652
India,IND,2016,39815
Indonesia,IDN,2006,151
Indonesia,IDN,2007,146
Indonesia,IDN,2008,107
Indonesia,IDN,2009,479
Indonesia,IDN,2010,1106
Indonesia,IDN,2011,2547
Indonesia,IDN,2012,2089
Indonesia,IDN,2013,2438
Indonesia,IDN,2014,2355
Indonesia,IDN,2015,3523
Indonesia,IDN,2016,4330
Iran,IRN,2003,94
Iran,IRN,2006,210
Iran,IRN,2007,181
Iran,IRN,2008,213
Iran,IRN,2009,223
Iran,IRN,2010,254
Iran,IRN,2011,291
Iran,IRN,2012,289
Iran,IRN,2013,284
Iran,IRN,2014,272
Iran,IRN,2015,296
Iran,IRN,2016,351
Iraq,IRQ,2006,0
Iraq,IRQ,2007,0
Iraq,IRQ,2008,1
Iraq,IRQ,2009,1
Iraq,IRQ,2010,1
Iraq,IRQ,2011,2
Iraq,IRQ,2012,2
Iraq,IRQ,2013,0
Iraq,IRQ,2014,0
Iraq,IRQ,2015,0
Ireland,IRL,2004,13
Ireland,IRL,2005,11
Ireland,IRL,2006,13
Ireland,IRL,2007,16
Ireland,IRL,2008,18
Ireland,IRL,2009,11
Ireland,IRL,2010,15
Ireland,IRL,2011,21
Ireland,IRL,2012,15
Ireland,IRL,2013,9
Ireland,IRL,2014,15
Ireland,IRL,2015,7
Ireland,IRL,2016,4
Israel,ISR,1999,6
Israel,ISR,2000,28
Israel,ISR,2001,27
Israel,ISR,2002,25
Israel,ISR,2003,37
Israel,ISR,2004,12
Israel,ISR,2005,17
Israel,ISR,2006,12
Israel,ISR,2007,16
Israel,ISR,2008,12
Israel,ISR,2009,22
Israel,ISR,2010,13
Israel,ISR,2011,24
Israel,ISR,2012,16
Israel,ISR,2013,14
Israel,ISR,2014,25
Israel,ISR,2015,14
Israel,ISR,2016,18
Italy,ITA,2004,11
Jamaica,JAM,2003,40
Jamaica,JAM,2004,26
Jamaica,JAM,2005,28
Jamaica,JAM,2006,25
Jamaica,JAM,2007,19
Jamaica,JAM,2008,16
Jamaica,JAM,2009,29
Jamaica,JAM,2010,30
Jamaica,JAM,2011,17
Jamaica,JAM,2012,15
Jamaica,JAM,2013,16
Jamaica,JAM,2014,19
Jamaica,JAM,2015,15
Jamaica,JAM,2016,28
Japan,JPN,2007,57
Japan,JPN,2008,67
Japan,JPN,2009,52
Japan,JPN,2010,53
Japan,JPN,2011,75
Japan,JPN,2012,62
Japan,JPN,2013,50
Japan,JPN,2014,45
Japan,JPN,2015,40
Japan,JPN,2016,44
Jordan,JOR,2003,0
Jordan,JOR,2004,0
Jordan,JOR,2005,0
Jordan,JOR,2006,0
Jordan,JOR,2007,1
Jordan,JOR,2008,0
Jordan,JOR,2009,0
Jordan,JOR,2010,0
Jordan,JOR,2011,1
Jordan,JOR,2012,0
Jordan,JOR,2013,0
Jordan,JOR,2014,0
Jordan,JOR,2015,0
Jordan,JOR,2016,1
Kazakhstan,KAZ,2005,183
Kazakhstan,KAZ,2006,234
Kazakhstan,KAZ,2007,213
Kazakhstan,KAZ,2008,238
Kazakhstan,KAZ,2009,325
Kazakhstan,KAZ,2010,333
Kazakhstan,KAZ,2011,352
Kazakhstan,KAZ,2012,441
Kazakhstan,KAZ,2013,466
Kazakhstan,KAZ,2014,625
Kazakhstan,KAZ,2015,376
Kazakhstan,KAZ,2016,576
Kenya,KEN,2004,12000
Kenya,KEN,2005,8954
Kenya,KEN,2006,36136
Kenya,KEN,2007,43954
Kenya,KEN,2008,41174
Kenya,KEN,2009,42294
Kenya,KEN,2010,40069
Kenya,KEN,2011,38175
Kenya,KEN,2012,35716
Kenya,KEN,2013,31761
Kenya,KEN,2014,30002
Kenya,KEN,2015,26288
Kenya,KEN,2016,22911
Kiribati,KIR,2003,0
Kiribati,KIR,2005,2
Kiribati,KIR,2006,0
Kiribati,KIR,2007,0
Kiribati,KIR,2008,0
Kiribati,KIR,2009,2
Kiribati,KIR,2010,0
Kiribati,KIR,2011,0
Kiribati,KIR,2012,0
Kiribati,KIR,2013,0
Kiribati,KIR,2014,1
Kiribati,KIR,2015,1
Kiribati,KIR,2016,0
Kuwait,KWT,2000,3
Kuwait,KWT,2001,2
Kuwait,KWT,2002,3
Kuwait,KWT,2003,4
Kuwait,KWT,2004,2
Kuwait,KWT,2005,3
Kuwait,KWT,2006,2
Kuwait,KWT,2007,2
Kuwait,KWT,2008,2
Kuwait,KWT,2009,4
Kuwait,KWT,2010,3
Kuwait,KWT,2011,0
Kuwait,KWT,2012,3
Kuwait,KWT,2013,0
Kuwait,KWT,2014,1
Kuwait,KWT,2015,3
Kuwait,KWT,2016,1
Kyrgyzstan,KGZ,2008,117
Kyrgyzstan,KGZ,2009,88
Kyrgyzstan,KGZ,2010,183
Kyrgyzstan,KGZ,2011,153
Kyrgyzstan,KGZ,2012,151
Kyrgyzstan,KGZ,2013,203
Kyrgyzstan,KGZ,2014,221
Kyrgyzstan,KGZ,2015,206
Kyrgyzstan,KGZ,2016,210
Laos,LAO,2006,91
Laos,LAO,2007,196
Laos,LAO,2008,221
Laos,LAO,2009,179
Laos,LAO,2010,182
Laos,LAO,2011,222
Laos,LAO,2012,234
Laos,LAO,2013,266
Laos,LAO,2014,258
Laos,LAO,2015,310
Laos,LAO,2016,275
Latvia,LVA,2004,40
Latvia,LVA,2005,53
Latvia,LVA,2006,47
Latvia,LVA,2007,56
Latvia,LVA,2008,72
Latvia,LVA,2009,73
Latvia,LVA,2010,71
Latvia,LVA,2011,71
Latvia,LVA,2012,114
Latvia,LVA,2013,95
Latvia,LVA,2014,95
Latvia,LVA,2015,72
Latvia,LVA,2016,55
Lebanon,LBN,2005,3
Lebanon,LBN,2006,0
Lebanon,LBN,2007,3
Lebanon,LBN,2008,10
Lebanon,LBN,2009,25
Lebanon,LBN,2010,7
Lebanon,LBN,2011,9
Lebanon,LBN,2012,3
Lebanon,LBN,2013,4
Lebanon,LBN,2014,6
Lebanon,LBN,2015,4
Lebanon,LBN,2016,4
Lesotho,LSO,2005,127
Lesotho,LSO,2006,1228
Lesotho,LSO,2007,4974
Lesotho,LSO,2008,6830
Lesotho,LSO,2009,8084
Lesotho,LSO,2010,8459
Lesotho,LSO,2011,8519
Lesotho,LSO,2012,7996
Lesotho,LSO,2013,7683
Lesotho,LSO,2014,6600
Lesotho,LSO,2015,5258
Lesotho,LSO,2016,4949
Liberia,LBR,2003,3
Liberia,LBR,2005,14
Liberia,LBR,2006,101
Liberia,LBR,2008,64
Liberia,LBR,2009,72
Liberia,LBR,2010,283
Liberia,LBR,2011,454
Liberia,LBR,2012,530
Liberia,LBR,2013,815
Liberia,LBR,2014,402
Liberia,LBR,2015,548
Liberia,LBR,2016,829
Libya,LBY,2003,55
Libya,LBY,2007,116
Libya,LBY,2008,174
Libya,LBY,2009,144
Libya,LBY,2010,212
Libya,LBY,2011,128
Libya,LBY,2012,111
Libya,LBY,2013,52
Libya,LBY,2014,54
Libya,LBY,2015,21
Libya,LBY,2016,25
Lithuania,LTU,2004,8
Lithuania,LTU,2005,7
Lithuania,LTU,2006,13
Lithuania,LTU,2007,21
Lithuania,LTU,2008,21
Lithuania,LTU,2009,14
Lithuania,LTU,2010,19
Lithuania,LTU,2012,29
Lithuania,LTU,2013,39
Lithuania,LTU,2014,36
Lithuania,LTU,2015,37
Lithuania,LTU,2016,34
Macao,MAC,2003,1
Macao,MAC,2004,0
Macao,MAC,2005,1
Macao,MAC,2006,4
Macao,MAC,2007,4
Macao,MAC,2008,1
Macao,MAC,2009,1
Macao,MAC,2010,3
Macao,MAC,2011,2
Macao,MAC,2012,4
Macao,MAC,2013,5
Macao,MAC,2014,6
Macao,MAC,2015,1
Macao,MAC,2016,4
Madagascar,MDG,2005,16
Madagascar,MDG,2006,0
Madagascar,MDG,2007,8
Madagascar,MDG,2008,9
Madagascar,MDG,2009,7
Madagascar,MDG,2010,39
Madagascar,MDG,2011,40
Madagascar,MDG,2012,19
Madagascar,MDG,2013,63
Madagascar,MDG,2014,98
Madagascar,MDG,2015,89
Madagascar,MDG,2016,99
Malawi,MWI,2002,1630
Malawi,MWI,2003,2734
Malawi,MWI,2004,4804
Malawi,MWI,2005,8447
Malawi,MWI,2006,12064
Malawi,MWI,2007,15491
Malawi,MWI,2008,13687
Malawi,MWI,2009,13558
Malawi,MWI,2010,12476
Malawi,MWI,2011,10341
Malawi,MWI,2012,11296
Malawi,MWI,2013,9998
Malawi,MWI,2014,8844
Malawi,MWI,2015,8408
Malawi,MWI,2016,8592
Malaysia,MYS,2003,1263
Malaysia,MYS,2004,1276
Malaysia,MYS,2005,1468
Malaysia,MYS,2006,1438
Malaysia,MYS,2007,1629
Malaysia,MYS,2008,1819
Malaysia,MYS,2009,1644
Malaysia,MYS,2010,1628
Malaysia,MYS,2011,1629
Malaysia,MYS,2012,1347
Malaysia,MYS,2013,1510
Malaysia,MYS,2014,1468
Malaysia,MYS,2015,1157
Malaysia,MYS,2016,1419
Maldives,MDV,2003,0
Maldives,MDV,2004,1
Maldives,MDV,2008,0
Maldives,MDV,2009,0
Maldives,MDV,2010,0
Maldives,MDV,2011,0
Maldives,MDV,2012,1
Maldives,MDV,2013,0
Maldives,MDV,2014,0
Maldives,MDV,2015,0
Maldives,MDV,2016,1
Mali,MLI,2006,70
Mali,MLI,2007,279
Mali,MLI,2008,452
Mali,MLI,2009,585
Mali,MLI,2010,416
Mali,MLI,2011,404
Mali,MLI,2012,404
Mali,MLI,2013,414
Mali,MLI,2014,367
Mali,MLI,2015,523
Mali,MLI,2016,478
Malta,MLT,2004,1
Malta,MLT,2005,0
Malta,MLT,2006,2
Malta,MLT,2007,2
Malta,MLT,2008,5
Malta,MLT,2009,4
Malta,MLT,2010,3
Malta,MLT,2011,5
Malta,MLT,2012,4
Malta,MLT,2013,0
Malta,MLT,2014,6
Malta,MLT,2015,4
Malta,MLT,2016,8
Marshall Islands,MHL,2003,0
Marshall Islands,MHL,2004,0
Marshall Islands,MHL,2005,0
Marshall Islands,MHL,2006,0
Marshall Islands,MHL,2007,0
Marshall Islands,MHL,2008,0
Marshall Islands,MHL,2009,2
Marshall Islands,MHL,2010,0
Marshall Islands,MHL,2011,0
Marshall Islands,MHL,2012,0
Marshall Islands,MHL,2013,1
Marshall Islands,MHL,2014,0
Marshall Islands,MHL,2015,1
Marshall Islands,MHL,2016,0
Mauritania,MRT,2005,0
Mauritania,MRT,2007,63
Mauritania,MRT,2008,52
Mauritania,MRT,2009,27
Mauritania,MRT,2010,90
Mauritania,MRT,2011,12
Mauritania,MRT,2012,0
Mauritania,MRT,2013,0
Mauritius,MUS,2003,3
Mauritius,MUS,2004,2
Mauritius,MUS,2005,2
Mauritius,MUS,2006,5
Mauritius,MUS,2007,7
Mauritius,MUS,2008,10
Mauritius,MUS,2009,7
Mauritius,MUS,2010,8
Mauritius,MUS,2011,8
Mauritius,MUS,2012,10
Mauritius,MUS,2013,23
Mauritius,MUS,2014,15
Mauritius,MUS,2015,14
Mauritius,MUS,2016,16
Mexico,MEX,2003,412
Mexico,MEX,2005,217
Mexico,MEX,2006,540
Mexico,MEX,2007,866
Mexico,MEX,2008,581
Mexico,MEX,2009,945
Mexico,MEX,2010,1645
Mexico,MEX,2011,1520
Mexico,MEX,2012,1234
Mexico,MEX,2013,1230
Mexico,MEX,2014,1287
Mexico,MEX,2015,2188
Mexico,MEX,2016,2493
Micronesia (country),FSM,2003,0
Micronesia (country),FSM,2005,0
Micronesia (country),FSM,2006,0
Micronesia (country),FSM,2007,0
Micronesia (country),FSM,2008,0
Micronesia (country),FSM,2009,0
Micronesia (country),FSM,2010,0
Micronesia (country),FSM,2011,0
Micronesia (country),FSM,2012,0
Micronesia (country),FSM,2013,0
Micronesia (country),FSM,2014,0
Micronesia (country),FSM,2015,0
Micronesia (country),FSM,2016,0
Moldova,MDA,2005,9
Moldova,MDA,2006,20
Moldova,MDA,2007,194
Moldova,MDA,2008,260
Moldova,MDA,2009,260
Moldova,MDA,2010,308
Moldova,MDA,2011,285
Moldova,MDA,2012,264
Moldova,MDA,2013,250
Moldova,MDA,2014,338
Moldova,MDA,2015,300
Moldova,MDA,2016,293
Monaco,MCO,2013,0
Monaco,MCO,2014,0
Monaco,MCO,2015,0
Mongolia,MNG,2003,0
Mongolia,MNG,2004,0
Mongolia,MNG,2005,1
Mongolia,MNG,2006,1
Mongolia,MNG,2007,3
Mongolia,MNG,2008,1
Mongolia,MNG,2009,0
Mongolia,MNG,2010,2
Mongolia,MNG,2011,3
Mongolia,MNG,2012,4
Mongolia,MNG,2013,5
Mongolia,MNG,2014,8
Mongolia,MNG,2015,6
Mongolia,MNG,2016,8
Montenegro,MNE,2005,0
Montenegro,MNE,2006,1
Montenegro,MNE,2007,0
Montenegro,MNE,2008,0
Montenegro,MNE,2009,0
Montenegro,MNE,2010,1
Montenegro,MNE,2011,0
Montenegro,MNE,2012,0
Montenegro,MNE,2013,2
Montenegro,MNE,2014,0
Montenegro,MNE,2015,1
Montenegro,MNE,2016,0
Montserrat,MSR,2004,1
Montserrat,MSR,2005,0
Montserrat,MSR,2009,0
Montserrat,MSR,2010,0
Montserrat,MSR,2011,0
Montserrat,MSR,2012,0
Montserrat,MSR,2013,0
Montserrat,MSR,2015,0
Montserrat,MSR,2016,0
Morocco,MAR,2008,21
Morocco,MAR,2009,99
Morocco,MAR,2010,17
Morocco,MAR,2011,41
Morocco,MAR,2012,357
Morocco,MAR,2013,78
Morocco,MAR,2014,351
Morocco,MAR,2015,316
Morocco,MAR,2016,208
Mozambique,MOZ,2006,6079
Mozambique,MOZ,2007,12563
Mozambique,MOZ,2008,19330
Mozambique,MOZ,2009,25056
Mozambique,MOZ,2010,24574
Mozambique,MOZ,2011,26538
Mozambique,MOZ,2012,27979
Mozambique,MOZ,2013,28586
Mozambique,MOZ,2014,29337
Mozambique,MOZ,2015,29827
Mozambique,MOZ,2016,30673
Myanmar,MMR,2005,72
Myanmar,MMR,2006,107
Myanmar,MMR,2007,873
Myanmar,MMR,2008,997
Myanmar,MMR,2009,1015
Myanmar,MMR,2010,915
Myanmar,MMR,2011,879
Myanmar,MMR,2012,1195
Myanmar,MMR,2013,5620
Myanmar,MMR,2014,6412
Myanmar,MMR,2015,7918
Myanmar,MMR,2016,10952
Namibia,NAM,2002,802
Namibia,NAM,2003,1234
Namibia,NAM,2004,1152
Namibia,NAM,2005,1465
Namibia,NAM,2006,3117
Namibia,NAM,2007,4803
Namibia,NAM,2008,5718
Namibia,NAM,2009,5676
Namibia,NAM,2010,5227
Namibia,NAM,2011,4990
Namibia,NAM,2012,4688
Namibia,NAM,2013,4343
Namibia,NAM,2014,3994
Namibia,NAM,2015,3796
Namibia,NAM,2016,3410
Nauru,NRU,2004,0
Nauru,NRU,2005,0
Nauru,NRU,2006,0
Nauru,NRU,2007,0
Nauru,NRU,2008,0
Nauru,NRU,2009,0
Nauru,NRU,2010,0
Nauru,NRU,2011,0
Nauru,NRU,2013,0
Nauru,NRU,2014,0
Nauru,NRU,2015,0
Nauru,NRU,2016,0
Nepal,NPL,2003,0
Nepal,NPL,2006,0
Nepal,NPL,2007,0
Nepal,NPL,2010,0
Nepal,NPL,2011,55
Nepal,NPL,2012,138
Nepal,NPL,2013,65
Nepal,NPL,2014,369
Nepal,NPL,2015,179
Nepal,NPL,2016,255
Netherlands,NLD,2004,46
Netherlands,NLD,2005,61
Netherlands,NLD,2006,43
Netherlands,NLD,2007,32
Netherlands,NLD,2008,39
Netherlands,NLD,2009,42
Netherlands,NLD,2010,48
Netherlands,NLD,2011,31
Netherlands,NLD,2012,30
Netherlands,NLD,2013,17
Netherlands,NLD,2014,23
Netherlands,NLD,2015,36
Netherlands,NLD,2016,19
Netherlands Antilles,ANT,2003,0
Netherlands Antilles,ANT,2005,2
Netherlands Antilles,ANT,2006,1
New Caledonia,NCL,2003,0
New Caledonia,NCL,2004,1
New Caledonia,NCL,2005,0
New Caledonia,NCL,2006,0
New Caledonia,NCL,2007,0
New Caledonia,NCL,2009,0
New Caledonia,NCL,2010,0
New Zealand,NZL,2003,2
New Zealand,NZL,2004,10
New Zealand,NZL,2005,8
New Zealand,NZL,2006,10
New Zealand,NZL,2007,4
New Zealand,NZL,2008,8
New Zealand,NZL,2009,3
New Zealand,NZL,2010,3
New Zealand,NZL,2011,3
New Zealand,NZL,2012,3
New Zealand,NZL,2013,0
New Zealand,NZL,2014,2
New Zealand,NZL,2015,1
New Zealand,NZL,2016,0
Nicaragua,NIC,2003,9
Nicaragua,NIC,2004,9
Nicaragua,NIC,2005,0
Nicaragua,NIC,2006,0
Nicaragua,NIC,2007,0
Nicaragua,NIC,2008,28
Nicaragua,NIC,2009,32
Nicaragua,NIC,2010,60
Nicaragua,NIC,2011,60
Nicaragua,NIC,2012,105
Nicaragua,NIC,2015,117
Nicaragua,NIC,2016,99
Niger,NER,2005,152
Niger,NER,2006,0
Niger,NER,2007,303
Niger,NER,2008,320
Niger,NER,2009,403
Niger,NER,2010,405
Niger,NER,2011,334
Niger,NER,2012,431
Niger,NER,2013,484
Niger,NER,2014,485
Niger,NER,2015,414
Niger,NER,2016,378
Nigeria,NGA,2003,95
Nigeria,NGA,2004,321
Nigeria,NGA,2005,1241
Nigeria,NGA,2006,1558
Nigeria,NGA,2007,6275
Nigeria,NGA,2008,15301
Nigeria,NGA,2009,18087
Nigeria,NGA,2010,17736
Nigeria,NGA,2011,19553
Nigeria,NGA,2012,19342
Nigeria,NGA,2013,19423
Nigeria,NGA,2014,16066
Nigeria,NGA,2015,14846
Nigeria,NGA,2016,14794
Niue,NIU,2004,0
Niue,NIU,2005,0
Niue,NIU,2006,0
Niue,NIU,2007,0
Niue,NIU,2008,0
Niue,NIU,2009,0
Niue,NIU,2010,0
Niue,NIU,2011,0
Niue,NIU,2013,0
Niue,NIU,2014,0
Niue,NIU,2015,0
North Korea,PRK,2003,0
North Korea,PRK,2007,0
North Korea,PRK,2008,0
North Korea,PRK,2009,0
North Korea,PRK,2010,0
North Korea,PRK,2011,0
North Korea,PRK,2012,0
North Korea,PRK,2013,0
North Korea,PRK,2014,0
North Korea,PRK,2015,0
North Korea,PRK,2016,0
North Macedonia,MKD,2004,0
North Macedonia,MKD,2005,2
North Macedonia,MKD,2006,0
North Macedonia,MKD,2007,1
North Macedonia,MKD,2008,2
North Macedonia,MKD,2009,0
North Macedonia,MKD,2010,0
North Macedonia,MKD,2011,0
North Macedonia,MKD,2012,0
North Macedonia,MKD,2013,0
North Macedonia,MKD,2014,1
North Macedonia,MKD,2015,0
North Macedonia,MKD,2016,0
Northern Mariana Islands,MNP,2003,0
Northern Mariana Islands,MNP,2004,0
Northern Mariana Islands,MNP,2005,0
Northern Mariana Islands,MNP,2006,0
Northern Mariana Islands,MNP,2007,0
Northern Mariana Islands,MNP,2008,0
Northern Mariana Islands,MNP,2009,0
Northern Mariana Islands,MNP,2010,0
Northern Mariana Islands,MNP,2011,0
Northern Mariana Islands,MNP,2012,1
Northern Mariana Islands,MNP,2013,1
Northern Mariana Islands,MNP,2014,0
Northern Mariana Islands,MNP,2015,0
Northern Mariana Islands,MNP,2016,0
Norway,NOR,2012,4
Norway,NOR,2015,11
Norway,NOR,2016,10
Oman,OMN,2003,14
Oman,OMN,2004,8
Oman,OMN,2005,10
Oman,OMN,2006,10
Oman,OMN,2007,14
Oman,OMN,2008,8
Oman,OMN,2009,3
Oman,OMN,2010,4
Oman,OMN,2011,8
Oman,OMN,2012,14
Oman,OMN,2013,5
Oman,OMN,2014,3
Oman,OMN,2015,4
Oman,OMN,2016,12
Pakistan,PAK,2004,0
Pakistan,PAK,2005,0
Pakistan,PAK,2006,0
Pakistan,PAK,2007,0
Pakistan,PAK,2008,17
Pakistan,PAK,2009,31
Pakistan,PAK,2010,28
Pakistan,PAK,2011,34
Pakistan,PAK,2012,23
Pakistan,PAK,2013,37
Pakistan,PAK,2014,90
Pakistan,PAK,2015,59
Pakistan,PAK,2016,71
Palau,PLW,2003,0
Palau,PLW,2004,0
Palau,PLW,2005,0
Palau,PLW,2006,0
Palau,PLW,2007,0
Palau,PLW,2008,0
Palau,PLW,2009,0
Palau,PLW,2010,0
Palau,PLW,2011,1
Palau,PLW,2012,0
Palau,PLW,2013,1
Palau,PLW,2014,0
Palau,PLW,2015,0
Palau,PLW,2016,0
Palestine,PSE,2003,0
Palestine,PSE,2004,0
Palestine,PSE,2005,0
Palestine,PSE,2006,0
Palestine,PSE,2007,0
Palestine,PSE,2008,0
Palestine,PSE,2009,0
Palestine,PSE,2010,0
Palestine,PSE,2011,0
Palestine,PSE,2012,0
Palestine,PSE,2013,0
Palestine,PSE,2014,0
Palestine,PSE,2015,0
Panama,PAN,2004,207
Panama,PAN,2005,200
Panama,PAN,2006,270
Panama,PAN,2007,238
Panama,PAN,2008,276
Panama,PAN,2009,213
Panama,PAN,2010,240
Panama,PAN,2011,241
Panama,PAN,2012,234
Panama,PAN,2013,221
Panama,PAN,2014,123
Panama,PAN,2015,198
Panama,PAN,2016,190
Papua New Guinea,PNG,2004,82
Papua New Guinea,PNG,2007,17
Papua New Guinea,PNG,2009,91
Papua New Guinea,PNG,2010,222
Papua New Guinea,PNG,2011,531
Papua New Guinea,PNG,2012,368
Papua New Guinea,PNG,2013,807
Papua New Guinea,PNG,2014,781
Papua New Guinea,PNG,2015,758
Papua New Guinea,PNG,2016,699
Paraguay,PRY,2003,28
Paraguay,PRY,2006,47
Paraguay,PRY,2007,97
Paraguay,PRY,2008,88
Paraguay,PRY,2009,140
Paraguay,PRY,2010,144
Paraguay,PRY,2011,174
Paraguay,PRY,2012,153
Paraguay,PRY,2013,181
Paraguay,PRY,2014,190
Paraguay,PRY,2015,181
Paraguay,PRY,2016,231
Peru,PER,2003,565
Peru,PER,2005,668
Peru,PER,2006,31
Peru,PER,2007,860
Peru,PER,2008,775
Peru,PER,2009,678
Peru,PER,2010,853
Peru,PER,2011,960
Peru,PER,2012,979
Peru,PER,2013,1243
Peru,PER,2014,1385
Peru,PER,2015,1459
Peru,PER,2016,1520
Philippines,PHL,2006,0
Philippines,PHL,2007,0
Philippines,PHL,2008,0
Philippines,PHL,2009,1
Philippines,PHL,2010,2
Philippines,PHL,2011,9
Philippines,PHL,2012,4
Philippines,PHL,2013,26
Philippines,PHL,2014,108
Philippines,PHL,2015,255
Philippines,PHL,2016,1009
Poland,POL,2004,15
Poland,POL,2007,15
Poland,POL,2008,35
Poland,POL,2009,27
Poland,POL,2010,22
Poland,POL,2011,26
Portugal,PRT,2004,626
Portugal,PRT,2005,571
Portugal,PRT,2006,508
Portugal,PRT,2007,467
Portugal,PRT,2008,442
Portugal,PRT,2009,392
Portugal,PRT,2010,303
Portugal,PRT,2011,315
Portugal,PRT,2012,294
Portugal,PRT,2013,254
Portugal,PRT,2014,221
Portugal,PRT,2015,213
Portugal,PRT,2016,168
Puerto Rico,PRI,2004,35
Puerto Rico,PRI,2005,28
Puerto Rico,PRI,2006,20
Puerto Rico,PRI,2007,21
Puerto Rico,PRI,2008,23
Puerto Rico,PRI,2009,9
Puerto Rico,PRI,2010,14
Puerto Rico,PRI,2011,10
Puerto Rico,PRI,2012,11
Puerto Rico,PRI,2013,10
Puerto Rico,PRI,2014,6
Puerto Rico,PRI,2015,9
Puerto Rico,PRI,2016,7
Qatar,QAT,2003,0
Qatar,QAT,2004,1
Qatar,QAT,2005,0
Qatar,QAT,2006,0
Qatar,QAT,2007,0
Qatar,QAT,2008,1
Qatar,QAT,2009,0
Qatar,QAT,2010,0
Qatar,QAT,2011,0
Qatar,QAT,2012,1
Qatar,QAT,2013,0
Qatar,QAT,2014,0
Qatar,QAT,2015,0
Qatar,QAT,2016,0
Romania,ROU,2004,5
Romania,ROU,2005,160
Romania,ROU,2006,60
Romania,ROU,2007,178
Romania,ROU,2008,202
Romania,ROU,2009,214
Romania,ROU,2010,241
Romania,ROU,2011,244
Romania,ROU,2012,237
Romania,ROU,2013,271
Romania,ROU,2014,312
Romania,ROU,2015,273
Romania,ROU,2016,254
Russia,RUS,2004,4506
Russia,RUS,2005,3533
Russia,RUS,2006,1979
Russia,RUS,2007,4828
Russia,RUS,2008,5892
Russia,RUS,2009,7064
Russia,RUS,2010,3633
Russia,RUS,2011,4104
Russia,RUS,2012,4880
Russia,RUS,2013,4990
Russia,RUS,2014,5251
Russia,RUS,2015,6407
Russia,RUS,2016,16570
Rwanda,RWA,2002,100
Rwanda,RWA,2005,2276
Rwanda,RWA,2006,2561
Rwanda,RWA,2007,2673
Rwanda,RWA,2008,2560
Rwanda,RWA,2009,2529
Rwanda,RWA,2010,2199
Rwanda,RWA,2011,1855
Rwanda,RWA,2012,1601
Rwanda,RWA,2013,1447
Rwanda,RWA,2014,1497
Rwanda,RWA,2015,1450
Rwanda,RWA,2016,1213
Saint Kitts and Nevis,KNA,2006,0
Saint Kitts and Nevis,KNA,2007,2
Saint Kitts and Nevis,KNA,2009,0
Saint Kitts and Nevis,KNA,2010,0
Saint Kitts and Nevis,KNA,2011,0
Saint Kitts and Nevis,KNA,2012,0
Saint Kitts and Nevis,KNA,2013,0
Saint Kitts and Nevis,KNA,2014,1
Saint Kitts and Nevis,KNA,2016,0
Saint Lucia,LCA,2003,0
Saint Lucia,LCA,2005,0
Saint Lucia,LCA,2006,0
Saint Lucia,LCA,2007,2
Saint Lucia,LCA,2008,4
Saint Lucia,LCA,2009,4
Saint Lucia,LCA,2010,0
Saint Lucia,LCA,2011,1
Saint Lucia,LCA,2012,1
Saint Lucia,LCA,2013,0
Saint Lucia,LCA,2014,1
Saint Lucia,LCA,2015,2
Saint Lucia,LCA,2016,1
Saint Vincent and the Grenadines,VCT,2004,2
Saint Vincent and the Grenadines,VCT,2005,1
Saint Vincent and the Grenadines,VCT,2006,5
Saint Vincent and the Grenadines,VCT,2007,7
Saint Vincent and the Grenadines,VCT,2008,6
Saint Vincent and the Grenadines,VCT,2009,5
Saint Vincent and the Grenadines,VCT,2010,3
Saint Vincent and the Grenadines,VCT,2011,5
Saint Vincent and the Grenadines,VCT,2012,9
Saint Vincent and the Grenadines,VCT,2013,0
Saint Vincent and the Grenadines,VCT,2015,1
Saint Vincent and the Grenadines,VCT,2016,0
Samoa,WSM,2004,0
Samoa,WSM,2005,0
Samoa,WSM,2006,0
Samoa,WSM,2007,0
Samoa,WSM,2008,0
Samoa,WSM,2009,0
Samoa,WSM,2010,0
Samoa,WSM,2011,0
Samoa,WSM,2012,0
Samoa,WSM,2013,0
Samoa,WSM,2014,0
Samoa,WSM,2015,0
Samoa,WSM,2016,0
Sao Tome and Principe,STP,2003,8
Sao Tome and Principe,STP,2005,5
Sao Tome and Principe,STP,2006,0
Sao Tome and Principe,STP,2007,9
Sao Tome and Principe,STP,2008,6
Sao Tome and Principe,STP,2009,10
Sao Tome and Principe,STP,2010,13
Sao Tome and Principe,STP,2011,15
Sao Tome and Principe,STP,2012,18
Sao Tome and Principe,STP,2013,30
Sao Tome and Principe,STP,2014,28
Sao Tome and Principe,STP,2015,24
Sao Tome and Principe,STP,2016,37
Saudi Arabia,SAU,2007,28
Saudi Arabia,SAU,2008,31
Saudi Arabia,SAU,2009,63
Saudi Arabia,SAU,2010,77
Saudi Arabia,SAU,2011,77
Saudi Arabia,SAU,2012,79
Saudi Arabia,SAU,2013,77
Saudi Arabia,SAU,2014,63
Saudi Arabia,SAU,2015,69
Saudi Arabia,SAU,2016,45
Senegal,SEN,2007,367
Senegal,SEN,2008,601
Senegal,SEN,2009,455
Senegal,SEN,2010,776
Senegal,SEN,2011,877
Senegal,SEN,2012,882
Senegal,SEN,2013,902
Senegal,SEN,2014,831
Senegal,SEN,2015,763
Senegal,SEN,2016,727
Serbia,SRB,2005,3
Serbia,SRB,2006,5
Serbia,SRB,2007,9
Serbia,SRB,2008,5
Serbia,SRB,2009,5
Serbia,SRB,2010,12
Serbia,SRB,2011,6
Serbia,SRB,2012,6
Serbia,SRB,2013,19
Serbia,SRB,2014,8
Serbia,SRB,2015,4
Serbia,SRB,2016,5
Seychelles,SYC,2003,0
Seychelles,SYC,2004,2
Seychelles,SYC,2005,2
Seychelles,SYC,2008,0
Seychelles,SYC,2009,3
Seychelles,SYC,2010,1
Seychelles,SYC,2011,4
Seychelles,SYC,2012,3
Seychelles,SYC,2013,1
Seychelles,SYC,2014,1
Seychelles,SYC,2015,0
Seychelles,SYC,2016,1
Sierra Leone,SLE,2006,174
Sierra Leone,SLE,2007,414
Sierra Leone,SLE,2008,920
Sierra Leone,SLE,2009,987
Sierra Leone,SLE,2010,976
Sierra Leone,SLE,2011,902
Sierra Leone,SLE,2012,1343
Sierra Leone,SLE,2013,1417
Sierra Leone,SLE,2014,1305
Sierra Leone,SLE,2015,1573
Sierra Leone,SLE,2016,1914
Singapore,SGP,2009,52
Singapore,SGP,2010,50
Singapore,SGP,2011,61
Singapore,SGP,2012,47
Singapore,SGP,2013,51
Singapore,SGP,2014,50
Singapore,SGP,2015,34
Singapore,SGP,2016,35
Slovakia,SVK,2004,0
Slovakia,SVK,2005,1
Slovakia,SVK,2006,0
Slovakia,SVK,2007,0
Slovakia,SVK,2008,0
Slovakia,SVK,2009,1
Slovakia,SVK,2010,1
Slovakia,SVK,2011,0
Slovakia,SVK,2012,0
Slovakia,SVK,2013,0
Slovakia,SVK,2014,0
Slovakia,SVK,2015,0
Slovakia,SVK,2016,0
Slovenia,SVN,2004,3
Slovenia,SVN,2005,0
Slovenia,SVN,2006,1
Slovenia,SVN,2007,0
Slovenia,SVN,2008,0
Slovenia,SVN,2009,0
Slovenia,SVN,2010,1
Slovenia,SVN,2011,0
Slovenia,SVN,2012,0
Slovenia,SVN,2013,1
Slovenia,SVN,2014,0
Slovenia,SVN,2015,0
Slovenia,SVN,2016,1
Solomon Islands,SLB,2004,0
Solomon Islands,SLB,2005,0
Solomon Islands,SLB,2006,0
Solomon Islands,SLB,2007,0
Solomon Islands,SLB,2008,0
Solomon Islands,SLB,2009,0
Solomon Islands,SLB,2010,0
Solomon Islands,SLB,2011,0
Solomon Islands,SLB,2012,0
Solomon Islands,SLB,2013,0
Solomon Islands,SLB,2014,0
Solomon Islands,SLB,2015,1
Solomon Islands,SLB,2016,0
Somalia,SOM,2003,12
Somalia,SOM,2004,19
Somalia,SOM,2005,21
Somalia,SOM,2006,0
Somalia,SOM,2007,0
Somalia,SOM,2008,0
Somalia,SOM,2009,107
Somalia,SOM,2010,231
Somalia,SOM,2011,206
Somalia,SOM,2012,192
Somalia,SOM,2013,195
Somalia,SOM,2014,248
Somalia,SOM,2015,195
Somalia,SOM,2016,176
South Africa,ZAF,2002,1798
South Africa,ZAF,2003,4414
South Africa,ZAF,2004,10185
South Africa,ZAF,2005,35299
South Africa,ZAF,2006,58249
South Africa,ZAF,2007,87764
South Africa,ZAF,2008,89950
South Africa,ZAF,2009,114523
South Africa,ZAF,2010,128457
South Africa,ZAF,2011,211128
South Africa,ZAF,2012,200322
South Africa,ZAF,2013,191275
South Africa,ZAF,2014,179756
South Africa,ZAF,2015,157505
South Africa,ZAF,2016,135169
South Korea,KOR,2009,96
South Korea,KOR,2010,135
South Korea,KOR,2011,129
South Sudan,SSD,2011,428
South Sudan,SSD,2012,527
South Sudan,SSD,2013,701
South Sudan,SSD,2014,752
South Sudan,SSD,2015,878
South Sudan,SSD,2016,1094
Spain,ESP,2004,328
Spain,ESP,2007,548
Spain,ESP,2008,508
Spain,ESP,2009,425
Spain,ESP,2010,456
Spain,ESP,2011,414
Spain,ESP,2012,371
Spain,ESP,2013,280
Spain,ESP,2014,233
Sri Lanka,LKA,2003,4
Sri Lanka,LKA,2004,0
Sri Lanka,LKA,2005,2
Sri Lanka,LKA,2006,1
Sri Lanka,LKA,2007,2
Sri Lanka,LKA,2008,0
Sri Lanka,LKA,2009,0
Sri Lanka,LKA,2010,13
Sri Lanka,LKA,2011,21
Sri Lanka,LKA,2012,23
Sri Lanka,LKA,2013,37
Sri Lanka,LKA,2014,21
Sri Lanka,LKA,2015,25
Sri Lanka,LKA,2016,12
Sudan,SDN,2002,40
Sudan,SDN,2003,40
Sudan,SDN,2005,150
Sudan,SDN,2006,20
Sudan,SDN,2007,98
Sudan,SDN,2008,471
Sudan,SDN,2009,692
Sudan,SDN,2010,247
Sudan,SDN,2011,292
Sudan,SDN,2012,231
Sudan,SDN,2013,325
Sudan,SDN,2014,329
Sudan,SDN,2015,284
Sudan,SDN,2016,253
Suriname,SUR,2003,17
Suriname,SUR,2004,17
Suriname,SUR,2005,20
Suriname,SUR,2006,24
Suriname,SUR,2008,28
Suriname,SUR,2009,44
Suriname,SUR,2010,58
Suriname,SUR,2011,38
Suriname,SUR,2012,36
Suriname,SUR,2013,31
Suriname,SUR,2014,44
Suriname,SUR,2015,42
Suriname,SUR,2016,25
Syria,SYR,2003,0
Syria,SYR,2004,0
Syria,SYR,2005,0
Syria,SYR,2006,0
Syria,SYR,2007,0
Syria,SYR,2008,0
Syria,SYR,2009,0
Syria,SYR,2010,5
Syria,SYR,2011,7
Syria,SYR,2012,5
Syria,SYR,2013,1
Syria,SYR,2014,0
Syria,SYR,2015,3
Syria,SYR,2016,1
Tajikistan,TJK,2004,0
Tajikistan,TJK,2005,1
Tajikistan,TJK,2006,3
Tajikistan,TJK,2007,43
Tajikistan,TJK,2008,48
Tajikistan,TJK,2009,49
Tajikistan,TJK,2010,100
Tajikistan,TJK,2011,115
Tajikistan,TJK,2012,88
Tajikistan,TJK,2013,135
Tajikistan,TJK,2014,161
Tajikistan,TJK,2015,152
Tajikistan,TJK,2016,201
Tanzania,TZA,2002,0
Tanzania,TZA,2004,0
Tanzania,TZA,2005,841
Tanzania,TZA,2006,841
Tanzania,TZA,2007,14669
Tanzania,TZA,2008,19940
Tanzania,TZA,2009,21541
Tanzania,TZA,2010,21662
Tanzania,TZA,2011,20632
Tanzania,TZA,2012,20382
Tanzania,TZA,2013,20320
Tanzania,TZA,2014,20055
Tanzania,TZA,2015,20117
Tanzania,TZA,2016,21720
Thailand,THA,2006,7141
Thailand,THA,2007,7615
Thailand,THA,2008,8215
Thailand,THA,2009,8109
Thailand,THA,2010,8959
Thailand,THA,2011,7326
Thailand,THA,2012,7289
Thailand,THA,2013,8327
Thailand,THA,2014,6831
Thailand,THA,2015,7819
Thailand,THA,2016,4764
Timor,TLS,2003,1
Timor,TLS,2007,4
Timor,TLS,2008,1
Timor,TLS,2009,0
Timor,TLS,2011,4
Timor,TLS,2012,4
Timor,TLS,2013,13
Timor,TLS,2014,24
Timor,TLS,2015,24
Timor,TLS,2016,23
Togo,TGO,2005,0
Togo,TGO,2007,17
Togo,TGO,2008,162
Togo,TGO,2009,342
Togo,TGO,2010,632
Togo,TGO,2011,667
Togo,TGO,2012,625
Togo,TGO,2013,519
Togo,TGO,2014,523
Togo,TGO,2015,561
Togo,TGO,2016,620
Tokelau,TKL,2004,0
Tokelau,TKL,2005,0
Tokelau,TKL,2006,0
Tokelau,TKL,2007,0
Tokelau,TKL,2008,0
Tokelau,TKL,2009,0
Tokelau,TKL,2010,0
Tokelau,TKL,2011,0
Tokelau,TKL,2012,0
Tokelau,TKL,2013,0
Tokelau,TKL,2016,0
Tonga,TON,2006,0
Tonga,TON,2007,0
Tonga,TON,2008,0
Tonga,TON,2009,0
Tonga,TON,2010,0
Tonga,TON,2011,0
Tonga,TON,2012,0
Tonga,TON,2013,0
Tonga,TON,2014,0
Tonga,TON,2015,0
Tonga,TON,2016,0
Trinidad and Tobago,TTO,2003,44
Trinidad and Tobago,TTO,2004,38
Trinidad and Tobago,TTO,2005,42
Trinidad and Tobago,TTO,2006,13
Trinidad and Tobago,TTO,2007,78
Trinidad and Tobago,TTO,2008,73
Trinidad and Tobago,TTO,2009,95
Trinidad and Tobago,TTO,2010,58
Trinidad and Tobago,TTO,2011,84
Trinidad and Tobago,TTO,2012,82
Trinidad and Tobago,TTO,2013,57
Trinidad and Tobago,TTO,2014,71
Trinidad and Tobago,TTO,2015,32
Trinidad and Tobago,TTO,2016,45
Tunisia,TUN,2003,1
Tunisia,TUN,2004,0
Tunisia,TUN,2005,2
Tunisia,TUN,2006,3
Tunisia,TUN,2007,7
Tunisia,TUN,2008,2
Tunisia,TUN,2009,2
Tunisia,TUN,2010,7
Tunisia,TUN,2011,10
Tunisia,TUN,2012,14
Tunisia,TUN,2013,17
Tunisia,TUN,2014,12
Tunisia,TUN,2015,15
Tunisia,TUN,2016,28
Turkey,TUR,2005,0
Turkey,TUR,2006,0
Turkey,TUR,2009,1
Turkey,TUR,2010,14
Turkey,TUR,2011,29
Turkey,TUR,2012,45
Turkey,TUR,2013,32
Turkey,TUR,2014,45
Turkey,TUR,2015,59
Turkey,TUR,2016,56
Turkmenistan,TKM,2006,0
Turkmenistan,TKM,2007,0
Turkmenistan,TKM,2008,0
Turkmenistan,TKM,2010,0
Turkmenistan,TKM,2015,0
Turks and Caicos Islands,TCA,2005,1
Turks and Caicos Islands,TCA,2006,0
Turks and Caicos Islands,TCA,2009,1
Turks and Caicos Islands,TCA,2010,1
Turks and Caicos Islands,TCA,2011,0
Turks and Caicos Islands,TCA,2012,1
Turks and Caicos Islands,TCA,2013,0
Turks and Caicos Islands,TCA,2014,1
Turks and Caicos Islands,TCA,2015,1
Turks and Caicos Islands,TCA,2016,1
Tuvalu,TUV,2004,1
Tuvalu,TUV,2005,0
Tuvalu,TUV,2006,0
Tuvalu,TUV,2007,0
Tuvalu,TUV,2008,0
Tuvalu,TUV,2009,0
Tuvalu,TUV,2010,0
Tuvalu,TUV,2011,0
Tuvalu,TUV,2012,0
Tuvalu,TUV,2013,0
Tuvalu,TUV,2014,0
Tuvalu,TUV,2015,0
Tuvalu,TUV,2016,0
Uganda,UGA,2005,7523
Uganda,UGA,2006,6838
Uganda,UGA,2007,9687
Uganda,UGA,2008,16432
Uganda,UGA,2009,17131
Uganda,UGA,2010,19836
Uganda,UGA,2011,20725
Uganda,UGA,2012,20376
Uganda,UGA,2013,20648
Uganda,UGA,2014,19612
Uganda,UGA,2015,17642
Uganda,UGA,2016,18225
Ukraine,UKR,2002,942
Ukraine,UKR,2005,1526
Ukraine,UKR,2006,1987
Ukraine,UKR,2007,2345
Ukraine,UKR,2008,3375
Ukraine,UKR,2009,3771
Ukraine,UKR,2010,5752
Ukraine,UKR,2011,4157
Ukraine,UKR,2012,4726
Ukraine,UKR,2013,8290
Ukraine,UKR,2014,7640
Ukraine,UKR,2015,6637
Ukraine,UKR,2016,5832
United Arab Emirates,ARE,2009,0
United Arab Emirates,ARE,2010,4
United Arab Emirates,ARE,2011,3
United Arab Emirates,ARE,2012,4
United Arab Emirates,ARE,2013,2
United Arab Emirates,ARE,2014,2
United Arab Emirates,ARE,2015,2
United Arab Emirates,ARE,2016,5
United Kingdom,GBR,2001,255
United Kingdom,GBR,2002,435
United Kingdom,GBR,2003,499
United Kingdom,GBR,2004,539
United Kingdom,GBR,2005,539
United Kingdom,GBR,2006,529
United Kingdom,GBR,2007,442
United Kingdom,GBR,2008,459
United Kingdom,GBR,2009,390
United Kingdom,GBR,2010,371
United Kingdom,GBR,2011,312
United Kingdom,GBR,2012,268
United Kingdom,GBR,2013,225
United States,USA,2003,1317
United States,USA,2004,1188
United States,USA,2005,1035
United States,USA,2006,960
United States,USA,2007,883
United States,USA,2008,826
United States,USA,2009,711
United States,USA,2010,627
United States,USA,2011,668
United States,USA,2012,626
United States,USA,2013,552
United States,USA,2014,504
United States,USA,2015,465
United States,USA,2016,466
Uruguay,URY,2003,73
Uruguay,URY,2004,99
Uruguay,URY,2005,74
Uruguay,URY,2006,81
Uruguay,URY,2007,88
Uruguay,URY,2008,100
Uruguay,URY,2009,102
Uruguay,URY,2010,104
Uruguay,URY,2011,110
Uruguay,URY,2012,132
Uruguay,URY,2013,120
Uruguay,URY,2014,132
Uruguay,URY,2015,131
Uruguay,URY,2016,131
Uzbekistan,UZB,2004,138
Uzbekistan,UZB,2005,147
Uzbekistan,UZB,2006,238
Uzbekistan,UZB,2007,371
Uzbekistan,UZB,2008,256
Uzbekistan,UZB,2009,357
Uzbekistan,UZB,2010,427
Uzbekistan,UZB,2011,546
Uzbekistan,UZB,2012,820
Uzbekistan,UZB,2013,1097
Uzbekistan,UZB,2014,780
Uzbekistan,UZB,2015,841
Vanuatu,VUT,2004,0
Vanuatu,VUT,2005,0
Vanuatu,VUT,2006,0
Vanuatu,VUT,2007,0
Vanuatu,VUT,2008,0
Vanuatu,VUT,2009,0
Vanuatu,VUT,2010,0
Vanuatu,VUT,2011,0
Vanuatu,VUT,2012,0
Vanuatu,VUT,2013,0
Vanuatu,VUT,2014,0
Vanuatu,VUT,2015,0
Vanuatu,VUT,2016,0
Venezuela,VEN,2003,347
Venezuela,VEN,2004,332
Venezuela,VEN,2005,392
Venezuela,VEN,2006,400
Venezuela,VEN,2007,468
Venezuela,VEN,2008,482
Venezuela,VEN,2009,487
Venezuela,VEN,2010,479
Venezuela,VEN,2011,519
Venezuela,VEN,2012,581
Venezuela,VEN,2013,560
Venezuela,VEN,2014,482
Venezuela,VEN,2015,589
Venezuela,VEN,2016,585
Vietnam,VNM,2005,595
Vietnam,VNM,2006,198
Vietnam,VNM,2007,1431
Vietnam,VNM,2008,2210
Vietnam,VNM,2009,5934
Vietnam,VNM,2010,3515
Vietnam,VNM,2011,4703
Vietnam,VNM,2012,4775
Vietnam,VNM,2013,4438
Vietnam,VNM,2014,3875
Vietnam,VNM,2015,3428
Vietnam,VNM,2016,2669
Wallis and Futuna,WLF,2004,0
Wallis and Futuna,WLF,2005,0
Wallis and Futuna,WLF,2006,0
Wallis and Futuna,WLF,2007,0
Wallis and Futuna,WLF,2008,0
Wallis and Futuna,WLF,2009,0
Wallis and Futuna,WLF,2010,0
Wallis and Futuna,WLF,2011,0
Wallis and Futuna,WLF,2015,0
Wallis and Futuna,WLF,2016,0
Yemen,YEM,2005,0
Yemen,YEM,2006,0
Yemen,YEM,2007,0
Yemen,YEM,2009,0
Yemen,YEM,2010,0
Yemen,YEM,2011,0
Yemen,YEM,2012,26
Yemen,YEM,2013,23
Yemen,YEM,2014,22
Yemen,YEM,2015,26
Yemen,YEM,2016,40
Zambia,ZMB,2004,501
Zambia,ZMB,2005,614
Zambia,ZMB,2006,3514
Zambia,ZMB,2007,16240
Zambia,ZMB,2008,20839
Zambia,ZMB,2009,23584
Zambia,ZMB,2010,26571
Zambia,ZMB,2011,26737
Zambia,ZMB,2012,24304
Zambia,ZMB,2013,25476
Zambia,ZMB,2014,24198
Zambia,ZMB,2015,20967
Zambia,ZMB,2016,21655
Zimbabwe,ZWE,2005,0
Zimbabwe,ZWE,2006,0
Zimbabwe,ZWE,2007,7373
Zimbabwe,ZWE,2008,16619
Zimbabwe,ZWE,2009,22745
Zimbabwe,ZWE,2010,31849
Zimbabwe,ZWE,2011,27562
Zimbabwe,ZWE,2012,25508
Zimbabwe,ZWE,2013,23075
Zimbabwe,ZWE,2014,19290
Zimbabwe,ZWE,2015,18072
Zimbabwe,ZWE,2016,18327